#f9f1f0,#fadcd9,#f8afa6,#f79489
#e8b4b8,#eed6d3,#a49393,#67595e
#fbe7c6,#b4f8c8,#a0e7e5,#ffaebc
#e7d2cc,#b9b7bd,#868b8e,#eeede7
#05445e,#189ab4,#75e6da,#d4f1f4
#050a30,#000c66,#0000ff,#7ec8e3
#145da0,#0c2d48,#2e8bc0,#b1d4e0
#b68d40,#f4ebd0,#122620,#d6ad60
#2ff3e0,#f8d210,#fa26a0,#f51720
#b99095,#fcb5ac,#b5e5cf,#3d5b59
#3d550c,#81b622,#ecf87f,#59981a
#41729f,#5885af,#274472,#c3e0e5
#f6eee0,#e4b7a0,#a45c40,#c38370
#e7f2f8,#74bdcb,#ffa384,#efe7bc
#bcece0,#36eee0,#f652a0,#4c5270
#ffc2c7,#b6e5d8,#fbe5c8,#8fdde7
#e4d4c8,#d0b49f,#a47551,#523a28
#d48c70,#f4b9b8,#ebbbb0,#e98980
#bbe7fe,#d3b5e5,#ffd4db,#eff1db
#fff4bd,#f4b9b8,#85d2d0,#887bb0
#f8ea8c,#a4e8e0,#4cd7d0,#e1c340
#ede7dc,#dcd2cc,#ccafa5,#bdc3cb
#603f8b,#b4fee7,#a16ae8,#fd49a0
#ffc5d0,#f7d6d0,#fb6090,#821d30
#eeb5eb,#c26dbc,#c8f4f9,#3cacae
#ddffe7,#98d7c2,#167d7f,#29a0b1
#efebe0,#fb8da0,#fb6b90,#fb4570
#116530,#21b6a8,#a3ebb1,#18a558
#0a7029,#fede00,#c8df52,#dbe8d8
#4297a0,#f4eae6,#e57f84,#2f5061
#76b947,#b1d8b7,#2f5233,#94c973
#b7ac44,#df362d,#ff8300,#ff4500
#f8c0c8,#efe7d3,#d3bbdd,#ece3f0
#ebe0d0,#ec9ec0,#ff0080,#a91b60
#68bbe3,#0e86d4,#055c9d,#003060
#bca88e,#e3e8e9,#9da993,#e4b4b4
#e5ddc8,#01949a,#004369,#db1f48
#d3b1c2,#c197d2,#211522,#613659
#90adc6,#e9eaec,#fad02c,#333652
#f2c5e0,#d43790,#ec8fd0,#870a30
#04ecf0,#04d4f0,#6af2f0,#059dc0
#fabec0,#f85c70,#f37970,#e43d40
#175873,#2b7c85,#87aca3,#0c1446
#3b0404,#deb3ad,#de847b,#b95c50
#013a20,#478c5c,#bacc81,#cdd193
#dacac4,#f7c9b6,#dbc39a,#dae7dd
#bfd7ed,#60a3d9,#0074b7,#003b73
#fd7f20,#fc2e20,#fdb750,#010100
#5bb0ba,#c15b78,#ebf5f7,#f6c8cc
#e56997,#bd97cb,#fbc740,#66d2d6
#f2e6d6,#a0e0e4,#fcc0c5,#f582a8
#647c90,#e2ded0,#4e4f50,#746c70
#f9ccd3,#aa1945,#f1ced4,#391306
#e7625f,#c85250,#f7bec0,#e9eae0
#0c6170,#37beb0,#a4e5e0,#dbf5f0
#fbaa60,#fbc490,#f67b50,#a82810
#fbede0,#fdd1d2,#d4bbdd,#d0ab99
#ff5c4d,#ff9636,#ffcd58,#dad870
#b7c8c2,#eca4b1,#e9dac4,#cfb2b0
#fee7e6,#ecfdf1,#f9eac2,#ffd898
#05e0e9,#ff2768,#cfeed1,#4e1a3d
#e6c2bf,#f8efe4,#fad02c,#282120
#f9d030,#f62aa0,#b8ee30,#26dfd0
#32cd30,#2c5e1a,#1a4314,#b2d2a4
#e98973,#e7d4c0,#88b2cc,#658ea9
#c4dbe0,#2eb5e0,#00a8a8,#0c6980
#f0e1de,#f7c9b6,#549bad,#83bdc0
#6f5b3e,#f9f6f0,#c4ae78,#171515
#f3e1c0,#ebaab0,#275070,#955670
#aceef3,#ff7077,#ffe9e4,#ffb067
#d2fba4,#f1c0b9,#88ca5e,#1d741b
#f7d6c0,#f4b9b8,#96ad90,#3a4a3d
#b4f5f0,#2ceef0,#0476d0,#041f60
#ffa384,#e88d72,#543855,#ff8882
#f6a21e,#e55b13,#104210,#7a871e
#54627b,#ecd5bb,#ffffff,#710117
#922c40,#dc9750,#f3eac0,#1e2640
#15b5b0,#f9bdc0,#fbe698,#6dece0
#efd3b5,#5f093d,#b21368,#d67ba8
#fc8bc0,#fa53a0,#25c0c0,#f3bc50
#ff8370,#00b1b0,#fec84d,#e42256
#d9e4ec,#b7cfdc,#6aabd2,#385e72
#dee2ec,#8c756a,#1ac8db,#0292b7
#c3ceda,#738fa7,#0c4160,#071330
#ba0f30,#2f2440,#c6b79b,#ff2511
#bba78c,#efeae4,#f4c6d4,#f3dbb2
#778a35,#d1e2c4,#ebebe8,#31352e
#eae6f0,#f7cac9,#d68fb0,#bf3880
#b4aaa9,#fff0df,#f8fafd,#f0c9b3
#a58cb3,#838bc2,#eae7fa,#d9a1a0
#c59894,#f0d1bf,#f7c9b6,#877785
#0000a3,#0067b3,#40b0df,#ffd53d
#1dc690,#278ab0,#1c4670,#eaeae0
#beafc2,#695e93,#8155ba,#281c2d
#39918c,#d0b49f,#ab6b51,#2f435a
#e8eef1,#43b0f1,#057dcd,#1e3d58
#0a0708,#444444,#747474,#b1b1b1
#ffb067,#ffed86,#a2dce7,#f8ccdc
#cb857c,#f6cbb7,#faf7f4,#9c2d41
#005437,#debad6,#340744,#741aac
#001f3d,#045174,#d89c60,#e87a00
#98042d,#bf4c41,#fcc0c5,#e1e2e7
#ffc5d0,#ffff00,#22cae0,#f52ec0
#dc4731,#fff3d9,#b8390e,#3b0918
#fadcdc,#4d4c60,#d691a0,#c45f90
#d773a2,#07bb9c,#ffd743,#a06ab4
#535e4b,#c1c2ad,#b5a4a3,#e9e6e2
#1a5653,#107869,#5cd85a,#08313a
#e2808a,#f1ccd7,#2e765e,#638c80
#fec8a7,#fceca5,#b5eecb,#cbc7fc
#f6d4d2,#a16ae8,#4120a9,#a1a9fe
#eafbff,#77ddf9,#ffa0a3,#7f8fa3
#0d698b,#f2f1e8,#050533,#e34234
#99b0b0,#b5b2b0,#fcfaf0,#8a9ea0
#54086b,#ff0bac,#00bec5,#050833
#f9f1f0,#663635,#e1999f,#deb3ad
#774a62,#fbd2c9,#313e61,#81abbc
#fbf6f3,#feb06a,#36d6e7,#5d6c89
#d6c099,#d6cec0,#8e8a92,#ae8781
#ffa3b8,#f7d6d0,#fc3c80,#821d30
#533440,#a47786,#e4d4c8,#9db6cc
#4f0000,#d9ced6,#303437,#ae8b70
#31b4f2,#0000ff,#025492,#f8cf40
#7cf3a0,#b4f8c8,#ff75d8,#ff45b5
#94dfe6,#ebdcc7,#b5eecb,#fcb9b5
#ff5765,#ffdb15,#8a6fdf,#a8e10c
#e4f4f3,#a1dbf1,#71d5e4,#00b6bc
#0a4158,#4b8378,#ff9636,#e4d7d0
#0e050f,#170b3b,#341948,#9388a2
#f7e3d9,#f9c7e4,#c6d8d5,#feedcf
#f0ccb0,#b97d60,#f0a160,#f54d3d
#e9ddd4,#000000,#e9ddd4,#900020
#988780,#ffffff,#13292A,#e7ded9
#fede00,#b4f8c8,#6ab8ee,#a8d9f8
#ada7a7,#d3d3cb,#d37506,#9f2b00
#65463e,#aad6a0,#dcbaa9,#d2e5d0
#07dac0,#171810,#d6dfe0,#ce2380
#f3ecda,#c4ac95,#94553d,#ffcba4
#c55ffc,#efdcf9,#323e42,#7954a1
#5d59af,#a072be,#be81b6,#e390c8
#ae388b,#5df15d,#e983d8,#f9b4f6
#feefde,#dae3e6,#dfdacd,#6e6d6e
#d01110,#0a0a00,#a8bbb0,#ebe8e0
#f6a970,#f0dac0,#ee7840,#5c5f30
#5c4e4e,#988686,#d1d0d0,#000000
#bdc6d9,#52688f,#e3e7f1,#7391c8
#e3e8f0,#82807f,#414754,#e5d7be
#dba40e,#4b5a20,#787d12,#7e6e13
#b7a1a6,#c1c2ad,#efd593,#edc1bb
#f8e5e6,#aaf1f5,#51b9cd,#3a5673
#fbe5c0,#f88379,#d0e6f0,#4c5d70
#1f3541,#5289b5,#afd8f2,#edf2f3
#fbe7e0,#f9e4d0,#ecc0b0,#9c3940
#16796f,#7cb7af,#cadedf,#9ca89e
#000000,#f41f4e,#fbfbfb,#ffc2c7
#8ae2e0,#f6c324,#3aa3a0,#f7d330
#f9f940,#f50ca0,#43dde2,#eac5b0
#a1afa0,#f7edd0,#970c10,#947360
#5e376d,#bd97cb,#f3eac0,#747080
#f9b8b1,#f84791,#57dbd8,#25388e
#e95670,#b34270,#713770,#432f70
#fbc0c0,#fb6c90,#fb8da0,#fb5490
#47484a,#d49796,#dcae96,#dbcac0
#0000ff,#4b7bf5,#79a9f5,#c2e2f5
#07040a,#ab0552,#b175ff,#efebe2
#51a7ad,#f1ede3,#f7a7bf,#dcd2d8
#f3e3e2,#74112f,#0c0c1e,#1b2e3c
#c5e5a5,#98b66e,#f9d876,#fbe39d
#fbb80f,#fbee0f,#c598af,#7f4aa4
#ba8d80,#f0d9d0,#dfa8a3,#e2b080
#4c3d40,#bdb5c0,#c8b4d0,#f6eef0
#ebe7d0,#d3a550,#121110,#d01110
#27231f,#de0001,#c8651b,#feda15
#c8f4f9,#7fe5f0,#513b41,#f83839
#fed43f,#2bb8b3,#e151af,#bed7d8
#ff6584,#abe8e6,#f0d7d9,#41b5af
#151b25,#034687,#dbe8e1,#e10032
#57ddf3,#14c2dd,#a1f7a1,#c7f954
#f86f15,#fac218,#deb3ad,#f51663
#eaeaea,#bc9476,#acbaad,#c7a19b
#2b4560,#e1e7e0,#6aa4b0,#2f6d80
#6e3562,#dfb160,#34586e,#d18d96
#c5e3f2,#a8cee9,#eed6d3,#e29cb4
#013a20,#d4d6cf,#536f16,#3f4122
#e4e5e8,#53565a,#4d0011,#4b443c
#e1ecf0,#54a2d2,#a9cee8,#003a64
#ac8e60,#e9dac4,#749eb2,#bd8e83
#79808a,#f1e6c8,#dcdcd0,#d3bab1
#140005,#464033,#7e7c73,#bbc4c2
#f1ece4,#cb7666,#a93d49,#eab996
#ffe0ae,#f5631a,#a2abce,#ffa303
#00e091,#00735c,#c1d9b7,#e5a298
#006884,#053d57,#f2f1ef,#97bcc7
#1966b0,#73d9f0,#f7b301,#eb773e
#333f63,#715c8c,#d7d4dd,#838bc2
#fffff5,#f9f9fb,#fdf4e3,#b59f84
#928d89,#ff8882,#ffa384,#e4e69b
#93e9be,#f4b18c,#ebeef1,#3b9778
#6c6a61,#ede4e3,#6c6a61,#c0c0c0
#420264,#5c038c,#1b1734,#896fbc
#190204,#ff8976,#cb4e47,#ffcba4
#00e2d3,#37a6a0,#90cdd0,#fffea8
#1c9b8e,#0f1e64,#53dfd1,#50655b
#f09ca2,#b2c4cb,#999da0,#f3f3e7
#faa590,#b43930,#fbe5e0,#f28a80
#00478f,#ff5d00,#2a231f,#d8e1e7
#b0d2da,#cab29f,#7da1bf,#2f4a60
#9a76a5,#b19ff9,#c89dd8,#e6ded3
#f9f1f0,#deb3ad,#a0877d,#25232b
#e1a140,#532200,#efcfa0,#914110
#391306,#f1ced4,#710019,#f9ccd3
#92794f,#ddcab2,#c3b090,#f1ece4
#ffce13,#88070b,#f65156,#009292
#bdf0d6,#ffd294,#f7ebdb,#f3a089
#d3f4fb,#9de3f6,#59d7ee,#53dfd1
#f4f7f0,#bfd2d0,#368980,#62ccc0
#fbdd00,#e9a200,#b32800,#7f0000
#01dee6,#ff66e9,#ff5412,#fbf608
#f4f2eb,#e4021b,#ffdb15,#3f5e98
#3b707d,#ffb85d,#ff5412,#030a04
#b1d4e0,#afc1d0,#1c3f60,#0b1320
#ffdb15,#020301,#b5a197,#f3f5f9
#f0e5d0,#eecac9,#fa3980,#f90067
#970c10,#bfcad0,#474440,#738580
#7c9cab,#e8cbb1,#feecc3,#333a44
#9fd9d0,#f7c9c0,#f34c50,#3aa7a0
#edd0c0,#c8626d,#b3c0ae,#bc8880
#8fa01f,#1d741b,#8bcd50,#ded93e
#e6b794,#b8ddd6,#e0ebe5,#ad9787
#00ead9,#00c4b0,#138b83,#345351
#f7d4e0,#fd7ac0,#7ad7f0,#44c8e0
#0b1c48,#ecd5bb,#ffffff,#710117
#d95980,#63aac0,#f99b45,#284e60
#f1e488,#01b9cc,#f3b9df,#d3e9e7
#d9c1bb,#9ab19a,#52584d,#090a0e
#fbb574,#e88d72,#543855,#ff8882
#f9e9d0,#db8780,#a30052,#26161f
#4c5355,#c44b4f,#607d86,#cbcdcb
#314e70,#35d5d0,#edaec0,#ebeee0
#523a28,#228280,#bf6336,#edf1f2
#0b0909,#44444c,#8c8c8c,#d6d6d6
#f7dd80,#8ae2e0,#f7d330,#3aa3a0
#abea7c,#f2e34c,#b2d7da,#e151af
#dcdbd8,#d1a58a,#5c97b8,#183a53
#0b1f65,#e8e3cc,#d7a449,#db3f29
#f2d6c0,#e5b990,#d79b70,#fddbd8
#00e0d4,#eaeff2,#ff4500,#eaeff2
#f2f1f0,#c0c9cc,#a39d92,#636059
#016367,#9e3a14,#e66912,#0b1c48
#71e7e0,#ff8bda,#43a9dd,#f12e90
#f8a8c5,#fbd160,#eb63a0,#e44650
#1e1514,#ffffff,#ecd5bb,#013a20
#9ca0a1,#d7d4cc,#a7c0be,#4d6772
#b4f8c8,#fbc858,#ff8210,#565819
#ffb001,#44ee77,#019992,#fb475e
#16796f,#adc9c5,#6cb0a8,#10564f
#1b2a37,#dcc5c3,#d6e1eb,#adc4d7
#a2c4e0,#f7cb2d,#52688f,#82a4e3
#6b1b00,#ae8b70,#f9fefb,#56382d
#fcd699,#ddc9d8,#f6c8cc,#f09ca2
#745d20,#cea660,#f3ede0,#6b7a40
#63747a,#c0c2c9,#123175,#5298c1
#facb80,#fbd8b0,#f69770,#b52b40
#f36870,#e8dac0,#ffb7b0,#a9c5d0
#040000,#f6c7a5,#f2d0c1,#f7f8f8
#050606,#fdfdfd,#d8d7d5,#adb3bc
#9f90cf,#0461b1,#b1365b,#e9d8e1
#715b5b,#a47c7a,#d6c5c4,#0f1110
#e6694c,#ff8d80,#f9c8b0,#68e7e0
#ecf87f,#e4a58f,#97d49b,#a6e2dc
#a5cfe3,#00221c,#028476,#e7f6fc
#f0f7e0,#d3bbdd,#bc96ca,#95ba61
#ffe0ae,#ff4500,#6c8255,#ffa303
#d6dde0,#446fa0,#223c60,#51555b
#dc7726,#ddc077,#57896a,#4a545d
#a6dfeb,#fc979d,#f8cd4f,#fb4a9b
#31ed31,#10bc10,#11a7bb,#2ab67b
#cce0d2,#61c2a2,#2c8395,#1d617a
#fbbc54,#f8dcb0,#fc5e70,#f2b190
#b5f2ee,#ff7930,#00e0ea,#f9f1e0
#eee7e0,#725450,#c6ad90,#f7cac9
#21c5c4,#f9e950,#ff94b2,#c14f60
#a9bcb0,#e88670,#384960,#4c7d60
#add3d0,#970c10,#153250,#fefcff
#3d393b,#7e1e80,#9505e3,#b637fb
#f5631a,#feeba0,#d41e00,#481d01
#fca7a5,#5a3e79,#130329,#A76286
#067593,#055772,#09a9c8,#001f3d
#d0dee5,#e89394,#f6f1e7,#988e92
#89be63,#afcca9,#cfedee,#ecf9f2
#f0d8b8,#634f40,#f3f0e9,#e6b794
#e2d9ca,#4a94a8,#2b293c,#6a4973
#bfd7ed,#60a3d9,#0074b7,#003b73
#a9b7c2,#d0b49f,#4a6f89,#eece88
#5e376d,#f7e951,#d4bbdd,#f6e6e8
#f248b6,#14527c,#080b39,#69124a
#a3c14a,#6d8343,#d103d1,#6E3562
#f7d8d9,#a1dbe5,#ffd8c0,#00b7af
#04f9f2,#0091e7,#005bea,#0000ff
#15998e,#45b08c,#48bcd1,#c0dcec
#4f3750,#cb9870,#8d8960,#aaa1a0
#fc4db0,#f9e830,#221530,#f52870
#1e3148,#9e6f6d,#e6d7d5,#43b14b
#fcf8f6,#00bbd1,#00e0ea,#96a1a8
#fbdcc0,#ddafb0,#8f6980,#1c2520
#fdd264,#ffc680,#f56b39,#670305
#8c9b88,#f5e8da,#735e93,#eff1ef
#73436d,#e5e6e9,#b67c9a,#1f252f
#f1beca,#b95c50,#cd7e7f,#f3e4e2
#f2e4cf,#d09064,#a96036,#dbc4af
#a2c4e0,#f7cb2d,#0d659d,#1390e0
#deb3ad,#eb7c8f,#dc5d85,#dfd1c5
#29b3ff,#81eaff,#fbc00e,#ffd774
#2ff3e0,#ff8000,#e09d60,#1f3960
#ffce66,#f9ab40,#a9e5d5,#44455b
#e78484,#fca4a2,#47d3ce,#c8f4f9
#9dbed1,#14829f,#d8e3ec,#004f76
#d8cee6,#72435c,#b4f8c8,#424651
#ff0f39,#feda15,#7e9dc2,#f8f8f8
#b83330,#cbd7d0,#f3ede0,#d5b690
#fdf2e7,#fee900,#04d3bc,#feccc8
#ff2768,#a3a3b7,#1b4a56,#f2eef7
#d1a179,#f1e6d4,#c1c2ad,#cbe1df
#08392b,#578e87,#f7e2c7,#29660c
#a16ae8,#b19ff9,#0e3506,#fea303
#fcdca9,#ecc4b3,#b8d0dd,#669dba
#f0ede0,#433f30,#970c10,#918e80
#f76201,#feeba0,#d41e00,#672901
#e5dace,#bcbec0,#5c5350,#3c3630
#f3cc3c,#d19a30,#7d3f20,#000000
#e5e8e8,#8d9797,#4e545c,#000401
#e4f4f3,#a1dbf1,#71d5e4,#00b6bc
#a58cb3,#a16ae8,#eae7fa,#d9a1a0
#6b3a2c,#c9b1c6,#3b0918,#c9b1c6
#0074dd,#9bccfd,#36d6e7,#81599f
#bf8422,#361b28,#bc9c22,#b6ccd7
#65dff6,#00478f,#1a83cc,#cbebf5
#ecf1f2,#7f7f7f,#f4d800,#050707
#10564f,#21b6a8,#30d9c8,#75e6da
#29660c,#f7e2c7,#578e87,#1c4508
#1848a0,#47d8e0,#59cee0,#2692d0
#a92420,#d1913e,#0e3160,#135390
#ede7d0,#fdcd93,#034f39,#549369
#ffffff,#e9d8e1,#e5cef6,#b655c8
#fbdc6a,#b12b24,#760504,#090a0e
#3a6a59,#a7a88a,#d6c18a,#b9c8bc
#ffbf90,#f36870,#ced6ca,#fff5d7
#f8d7a8,#ef9771,#dddda4,#7b583d
#3c4c70,#dca1b0,#edeef1,#9168a0
#e9679b,#f8cd4f,#b9a3d1,#6ee0e0
#64d5dd,#57a5b8,#f68181,#a94a5f
#e3e6e0,#252930,#c0b3a0,#6b8490
#bbc0b6,#d58469,#f0ede4,#435861
#dddbdb,#eea5a6,#9e968e,#fbc99c
#13c3f7,#ff2768,#e9e9e7,#fff387
#fdf2ed,#f7c9b6,#f1a17e,#a53e12
#2b6670,#637e90,#77a7b0,#e5f2f0
#970c10,#eff4f0,#384640,#244c60
#719f1e,#4a7212,#d5ce58,#104210
#d5d5c0,#4ddde0,#31cce0,#1db3c0
#ea3160,#142b70,#e99eb0,#4652a0
#008fde,#a4d8fb,#38cced,#9571ab
#1b2e3c,#0c0c1e,#4d0011,#f3e3e2
#e08955,#0048a4,#e35a01,#689ab8
#fafbf4,#00a0f3,#0000ff,#000066
#7a0051,#d3b1c2,#240831,#e44b7d
#061e47,#68a4f1,#2b6ad0,#1f4591
#f2dad0,#ecb4b9,#ea85c7,#899a89
#627e8b,#d2cccc,#eaedf0,#184b29
#f6d4d2,#edd1fa,#9fa8eb,#4120a9
#104210,#6a8820,#d3c02f,#f2e437
#8f4553,#f4f3f1,#e6e5e3,#e2acb9
#e8c6ae,#d4c7af,#bdb8b6,#807672
#3b2244,#a06ab4,#e845ae,#eba408
#dcf2f0,#ffe65b,#fad7f3,#66b8c9
#b46490,#e3d9e0,#f1ecd0,#634f50
#dca7a0,#165c40,#e17a82,#8cc7c0
#040a18,#0b1c47,#f5f5e9,#873f49
#252827,#fffee6,#291211,#f8cf2c
#e928a0,#271140,#3cbed0,#e6d350
#f7cbca,#ec6964,#f18370,#721816
#325980,#d4c2b0,#202e50,#777180
#0000a3,#004197,#7f3e71,#df265e
#1e1200,#8b8060,#fdfff0,#970c10
#efeae0,#e98fc0,#9e8f90,#cd6090
#e9dac4,#39221f,#ef813e,#5e6826
#dc7726,#ecc046,#f5f7ed,#42c0d2
#fefae5,#d4c5b6,#c4cec5,#6e726e
#8eb7ce,#54627b,#a2beef,#fbb2a3
#6d3d38,#e9dac4,#e0ac8e,#514843
#f5d5e4,#e66579,#fcc0c5,#f7e7ce
#043bb1,#1e8ad3,#10bc10,#1d3537
#2b18a3,#f353d5,#e9d8e1,#88c9fa
#cdd3d0,#87b1b0,#386e90,#344a70
#738a76,#65fc6a,#ff0bac,#e4f995
#ede5e1,#95675b,#c6a590,#d4ac74
#3b2244,#105160,#2d7670,#cd966b
#00264c,#36454f,#a3abb0,#d4d0d0
#003366,#71b1c5,#cbe6ef,#f0f2f3
#d0b49f,#c0d39a,#4f5f2c,#2a291c
#787d12,#567c09,#bcc41c,#ebf094
#001f3d,#151983,#1863d6,#b6cbe1
#e36920,#efa710,#e8d4c0,#dcad90
#fbdfa0,#ffc2c7,#5dd9fb,#bbd5d2
#eedee0,#f87db0,#ef5c90,#bc2d40
#874a5b,#232425,#e3cdbc,#afb2ae
#088280,#063340,#008000,#04d010
#f0e7e4,#131919,#634f40,#b49a87
#d3d2c7,#5b89ae,#adc4d7,#cb8e66
#603f8b,#b9a7bb,#323b36,#616c59
#222222,#988686,#74b7ac,#b24a3b
#e3eff9,#aacde5,#6cc4dc,#3f92b7
#ecf1f2,#53565a,#f4d800,#050707
#3f6d3c,#f7bbdb,#ff0bac,#7b163e
#fd7924,#57a5b8,#e21b32,#ecef5b
#222c45,#9ebfcf,#8e7b96,#eed6d3
#f09360,#f62280,#fb8fc0,#f9bf50
#7268b0,#dc8cb0,#2dd220,#e721a0
#256c70,#bf0d70,#f054b0,#e0e9d0
#130170,#cdf4dc,#01949a,#cd0046
#2b4310,#4e7130,#c9b590,#95b250
#590c69,#4a0d4a,#d19fc6,#398fc7
#fdbfaf,#fcee96,#7eb6d7,#4d5264
#bad3e4,#1e77bd,#10564f,#04345c
#f8ffca,#b6d084,#ffcb32,#2f7604
#04dc77,#016236,#b6d2a5,#d89384
#b14100,#e39e30,#8a5920,#8fae70
#383940,#a98ab0,#f1f1f0,#ada9ad
#592f2d,#402220,#b5605c,#eeb4a4
#23424a,#65a9a6,#ececeb,#3b707d
#65d4ee,#9de89c,#fac12f,#cfe9ef
#5b5c50,#1b1e1e,#c2ad90,#e4dcc0
#c3a57c,#c1937d,#c1b199,#ded8cd
#000c20,#ef3340,#f1b420,#fffae0
#4c3260,#e43480,#ead4c0,#f43ab0
#203946,#778d99,#c6ae96,#ff9936
#4e514e,#988c80,#e0a39f,#f9ebe1
#ffffff,#f7e7ce,#a2a3aa,#aa9c92
#ddb040,#d1b780,#e3e5e0,#464239
#40b5f0,#2144c0,#142270,#030303
#686a4e,#cfcdc2,#977557,#757573
#603840,#bd8990,#9f94a0,#b7d0e0
#c9d9f0,#8155ba,#fec437,#fe5bd6
#b80454,#1d190a,#b175ff,#dcbcd0
#e35a01,#4c7c71,#2e4769,#1f262e
#c8f4f9,#1592b4,#e0a030,#a06204
#9271c2,#2d1674,#fff2ff,#703acf
#98d7c2,#a1a3a5,#05abc4,#0490ae
#ebe99e,#8bca67,#f9d976,#055816
#ffda77,#f1afc0,#0696b0,#d83471
#ffbbca,#ecfdf1,#b4f8c8,#efedc6
#016236,#02894b,#06040a,#bed3ab
#f1d26c,#2b1200,#cf5c00,#8d1e00
#9782ad,#f05b06,#f3b9df,#9d1b6f
#fad02c,#e12a2a,#469a49,#192a29
#475250,#9589a9,#b5eecb,#f8a2a8
#e6bdcc,#eceadb,#a3768b,#DEBAD6
#dfd6d1,#1f232c,#ffffff,#83746e
#ace6f2,#5fc9da,#5b7485,#89cff0
#3e4b59,#87939e,#fd9096,#d6f7f8
#117660,#09323b,#04b16f,#14e114
#003d7a,#051537,#04247c,#0458ab
#686361,#e32227,#1a7cfa,#0070e0
#74b2d0,#fff593,#f36870,#fafaf0
#07d2be,#f24e70,#b4f8c8,#0f1300
#a2c4e0,#f7cb2d,#071330,#122e76
#e80000,#1e73be,#c850b0,#660a60
#00bfd6,#cadfd9,#8bd1e4,#00b5a2
#a9ba88,#d9c6bf,#f6f0e7,#6d6f73
#e4d7cf,#8a3240,#617969,#98705d
#f1b416,#e56a19,#000000,#900000
#9dced0,#a98ab0,#f0f1cf,#8ea350
#5558d8,#d4bbdd,#fbd3da,#8adfe3
#287686,#dfd1a9,#c79fa7,#603f8b
#201a1e,#d0b49f,#e4d4c8,#e2e6e7
#b4f8c8,#f8d3b7,#f7ac32,#a44757
#028476,#015d53,#030303,#6ecb5a
#7a797d,#04d3bc,#d4b0cb,#00e0eb
#cdcbaf,#5f6510,#723056,#b67c9a
#7a3e26,#cf6856,#f7e7ce,#ffffff
#7a3e26,#cf6856,#f7e7ce,#ffffff
#adc8d2,#9f9c93,#54627b,#f4f4f6
#490e08,#f1a17e,#f7c9b6,#f7dc6f
#2b192e,#f5e8da,#50006c,#ce8ca5
#dd819c,#3b1f52,#1e142b,#a05987
#474241,#cda67a,#a7a88a,#d0ccb9
#13292a,#91cabe,#499fa4,#b5dfd6
#0f7d80,#e2bab0,#ff96b7,#5fd3c8
#5bdce1,#e73ba5,#f4975b,#f9d8ce
#343920,#f8f9f7,#71743a,#d5ba90
#fdc0a0,#cfd1d1,#4d0011,#000000
#964555,#f0bbd3,#c3d6db,#fadcdc
#654e30,#527640,#212510,#1a3315
#e5a298,#c1d9b7,#2c7721,#00e091
#42c3f7,#00a5e9,#003a6b,#e7edeb
#40c69f,#2e765e,#d62b83,#05234c
#c98169,#e0ebe5,#b8ddd6,#e6b794
#0086ac,#1181c8,#f2f0fc,#ff0000
#4a2720,#8f4f40,#eec3c2,#e1b1a0
#7ed8e0,#f766a0,#58e4e0,#294ea0
#0086aa,#cac6c6,#00456d,#67d7ed
#cca78a,#eeeeee,#dcb4b1,#bdf0d6
#08153a,#0b1f65,#2535d9,#c08d2c
#ffc2c7,#ffffff,#9a5a43,#d4e9f0
#499fa4,#a9582b,#ba9973,#eddf9c
#34ded0,#94faf0,#3af7f0,#31d1d0
#2b5615,#f8cf2c,#db55d4,#9b948a
#806460,#d4cbc0,#a1aea0,#704f70
#738580,#3e3e3e,#bfcad0,#970c10
#5d7772,#b6e2d3,#43616f,#152d2e
#6c6d76,#f9fbf7,#ee93a9,#bdf0d6
#5ccccb,#f6f0e7,#1c799e,#908984
#3e004a,#ade292,#4120a9,#7800a2
#f3e5c3,#d3a771,#cfc0ae,#694532
#bed1df,#546e81,#001f3d,#9cb9cc
#4b443c,#4d0011,#232425,#e4e5e8
#92cf93,#0b1c48,#e2eddd,#decaba
#dce7e0,#e2c9dd,#f4babf,#5e4749
#192740,#4b6d90,#85aed0,#b8d1e0
#9d5060,#e7dfe0,#376380,#2d1f30
#eed6d3,#69c9bc,#f7bca5,#f7837c
#daa486,#fafcf0,#13fbe2,#008291
#4d0011,#4e706a,#1f192b,#eec7bb
#75b7d0,#263f60,#e4ebe0,#3982b0
#4871e8,#b175ff,#ab729f,#2d1674
#606462,#edf0ee,#00735c,#00493a
#2b8e8e,#73b03a,#5cd85a,#278ed5
#e2b327,#4693b8,#0b1f65,#e1d9d1
#35ccbe,#3c7782,#dfe8e6,#aecdcb
#000000,#3a4968,#ff4500,#0087ca
#342030,#cd9b80,#f29db4,#fae8e0
#44492b,#cdd1b8,#ddbba4,#ebddd8
#a4aa83,#d8ddb8,#4c411a,#f3eed9
#7a403e,#9f2b00,#f89700,#d8cd9d
#41483c,#fcc931,#ccd8c7,#eeeeee
#e5e1d9,#daa7a2,#a7a88a,#37391e
#756457,#3b3c38,#d5bba9,#f1ece4
#41b0c1,#f04854,#505149,#e2e4e7
#5c0601,#f9943b,#d05301,#d1c2c2
#2367b1,#f8cf2c,#e4e6ed,#d3a877
#091235,#14202e,#2b4257,#88a9c3
#04425b,#bbcbbe,#16796f,#10564f
#e0d1db,#b9968d,#2c393d,#e6c4b9
#695e93,#c79fa7,#dfd1a9,#287686
#d1e6f2,#76d4ea,#f6c324,#9ac026
#f4b5a0,#e4dacf,#f1dcb6,#b4f8c8
#cfe0ea,#01949a,#578384,#016367
#ceafb4,#945055,#29000a,#eb1e2b
#c55ffc,#381333,#d9992d,#9619b2
#9aba12,#37520b,#dee64c,#66930c
#5f34e2,#d4bbdd,#49a9c0,#f5d710
#836559,#f4f8f3,#cdac79,#628474
#4d34a0,#e5b6e7,#51c9d2,#ffd700
#2a616d,#457545,#fdf2ed,#edcebd
#ff8882,#543855,#e88d72,#ffcba4
#f0c6a6,#3e1f3e,#ff8070,#21c5c4
#92443a,#a56546,#debaa1,#f6e9ce
#3e004a,#ade292,#4120a9,#905fd0
#03d930,#d234b0,#2c46c4,#ffe845
#b8749d,#7b4157,#e9bde8,#f3e4e2
#b8749d,#7b4157,#e9bde8,#f3e4e2
#ffe4e2,#cc5216,#ff671b,#900300
#789b60,#adc290,#8c6c30,#203010
#e2eaee,#fec6c5,#fadcaf,#bdf0d6
#b464a3,#602e9e,#9FC7AA,#a02f00
#d5c1b9,#914955,#212223,#adb3bc
#854b5b,#363430,#f1b930,#c54920
#eae8dd,#f1c83a,#d0b49f,#a9d1e4
#b0b7c0,#171710,#707370,#595e60
#b5b3ca,#a16ae8,#477158,#000800
#676e7f,#0f0d12,#f9f6f0,#b6737c
#d6e2e8,#91c1d8,#0070ac,#003371
#9c9f4b,#fce8da,#f9bfb2,#474f1d
#938068,#bd97cb,#d4bbdd,#ebe6da
#fff5ec,#ce6c2f,#48bccf,#118592
#dedce4,#c98d26,#03a65a,#005e38
#fee4ad,#d62598,#f9d1c0,#050a61
#aeb8c4,#05263b,#163b50,#9ca6b8
#273e47,#dac0a6,#499fa4,#5b4a52
#705446,#e1c391,#fdf4e3,#3c3431
#fef6f5,#ffc435,#7cf3a0,#f83212
#ecfdf1,#b4f8c8,#d1bc9f,#e54e7f
#67676f,#a97061,#efc2a8,#faebd9
#975cad,#fd62ad,#009cdf,#aae23b
#5488a5,#5dbdea,#a3c4c3,#fbe29c
#5c6370,#e0cbc0,#5d5450,#854b5b
#6bcfdc,#b1cecf,#905171,#4c3b55
#fce168,#fabaa2,#ebcfaa,#7d7ca6
#bbd1c0,#be0c3d,#e25371,#e5b5b0
#d9b295,#ff8882,#cfc9cb,#5c815c
#cdbdb2,#89acaa,#bb616c,#183a50
#5f5a5f,#b0b97a,#f49586,#f7e188
#284b70,#77a290,#fdd05a,#938670
#1f2d60,#d33860,#faf0c0,#fb5e89
#193855,#cb0e55,#3fbee0,#e9dac4
#f1fafc,#3db5c4,#c9e4eb,#004a94
#76977d,#dc7260,#7694ab,#6b6d6c
#ab202a,#335155,#15141a,#f8cf2c
#d3c7a1,#252220,#7fafc0,#d49d40
#ffd700,#f4ecf0,#d7dfb8,#ebb3b8
#e10032,#dbe8e1,#1b4480,#013120
#002952,#d8e1e7,#d15d84,#78a1e5
#ffe32a,#67e1e8,#5428ab,#ded2cd
#47463f,#8bc5be,#af5662,#f6c8cc
#edb4c0,#eff1fa,#e7d6c0,#becdcb
#ded8cd,#c3a57c,#634f40,#db9a7d
#92cf93,#0a4c76,#e2eddd,#decaba
#913f30,#a0b4a0,#d6bc80,#726750
#efc081,#bc0a0f,#af9f30,#efeee9
#263e2b,#af0e50,#e42c90,#efd0d0
#296090,#b3d8e0,#132f70,#0b2840
#7e3680,#efe1e8,#420264,#a654df
#efd8bf,#f97fbd,#e6c5d8,#b4f8c8
#a97950,#069390,#fff343,#fb3690
#2e4007,#2b5434,#e3ccde,#b0cbb0
#9b8270,#e6d5e0,#bfb6b0,#fadcdc
#b22a80,#e930c0,#feff60,#ff8ef9
#814827,#e1a67e,#2e2714,#aa9473
#884290,#452858,#d8b7a6,#f1ece4
#cccaa9,#845e77,#c598af,#961086
#feb281,#353643,#4ec33d,#ff8f62
#2c5e17,#91d34c,#a80ffa,#5c038c
#f66aa6,#ff8f45,#7cf3a0,#b4f8c8
#ddc7a0,#c87620,#736013,#722720
#92dbf0,#f3f6fe,#c372a8,#bdf0d6
#dee6e0,#82e4d0,#248680,#1d5450
#1e5515,#2c7721,#55d142,#d7d7a8
#e1a730,#e0e3d7,#2879c0,#ab3910
#673f40,#fd902b,#fdd652,#d0d1d3
#1f3750,#294a41,#518060,#89aca0
#ffa303,#a2abce,#ff4a38,#ffe0ae
#a30052,#dc4c60,#b57170,#e9b1a0
#65463e,#b99a87,#c9beb1,#ebebe5
#829eb2,#e4cdac,#d5a69a,#9e5d6e
#d8581c,#b3c1a8,#929ead,#3d503a
#a0c3d9,#499fa4,#13344c,#f2f3ee
#e5c951,#d07987,#a06ab4,#15819a
#336b91,#ecf5f4,#002952,#c38c1f
#aeb8c4,#214358,#151b25,#9ca6b8
#0a3543,#ffad6f,#b4f8c8,#cbe0dd
#336b91,#ecf5f4,#002952,#c38c1f
#4e514e,#666666,#a5aba0,#dbddd0
#b4f8c8,#94edff,#0a4c86,#1d3b58
#fdc0a0,#cfd1d1,#74112f,#000000
#ae7f60,#b35840,#f5eee0,#d79580
#251e20,#fad480,#603a70,#f79630
#9c5a40,#c89870,#fbe5e0,#f6ebe0
#012860,#fec84d,#149aa2,#eedadc
#7e7c7f,#c7ced6,#f4eedc,#dcdbda
#135c00,#ffd800,#fb64a5,#b5a3ff
#4db3e4,#b83c70,#f4e683,#fda649
#667c30,#aba730,#cddf50,#e1cd30
#f4efe4,#eab6b8,#d6b3e5,#f4bd9c
#050505,#123345,#75727e,#ff0039
#1ad6cc,#eb3298,#31ed31,#f5dc16
#0f0f1b,#1b2919,#7b583d,#f0d3c1
#e66354,#d9c7b2,#93b9b8,#fda649
#001f3d,#ccdada,#0f4a6f,#1477b2
#01161f,#fd1700,#02894b,#bdd3ac
#50655b,#96b2b5,#fab954,#ffe570
#45cde1,#ffc460,#abb3c6,#9d1b6f
#dac2bc,#9da993,#52584d,#090a0e
#2f2f1b,#e7e1e0,#324a60,#e8ab16
#007600,#00150c,#ff4500,#c0e7f6
#4b0000,#1f6c66,#e7e6e3,#000000
#bac6ad,#0f7c4f,#f49728,#75e6da
#caa88c,#ff3f00,#2740da,#0c1446
#f8f2f5,#c088f3,#9c80ea,#557cdf
#000400,#686852,#bc9b82,#923f39
#ed2461,#530021,#398170,#bdf48d
#3b2244,#cc3a73,#b4b8f5,#dde0ff
#ff0bac,#490034,#f6b405,#fdbcfd
#8f3b21,#8f916b,#dd9927,#cccdc7
#15a9a9,#b6e2d3,#eadcc2,#a5a994
#3d0610,#9f0840,#f264d0,#ee99d0
#ca2b4b,#fefdfe,#ffa384,#000000
#ff0bac,#009534,#ec9be7,#16d833
#4b4e30,#38b9e0,#f6c510,#fbe440
#f9521e,#bf4684,#cbae11,#008d7c
#970c10,#666340,#acb4a0,#ffe9c0
#170b3b,#001951,#9b0dea,#4120a9
#f4efdb,#00fff0,#a4e5e0,#dbf5f0
#0086cb,#68cde7,#f7f9a7,#f0f9f9
#e15d40,#edd5c0,#967e30,#b7bcb0
#444440,#c3abc0,#f0c1b0,#e99380
#ffecdd,#ffc1c5,#ff0bac,#fbf900
#ffdb15,#c84d60,#ffeed5,#cad6e7
#6ec3c1,#335120,#9dcc5f,#0d5f8a
#f4bb84,#f83c31,#ffdb15,#f9e9e9
#38668e,#1e3551,#c6d3d8,#658891
#c6f2f4,#7cc0d4,#5dbdd3,#174a6d
#dfdbd0,#585240,#8a9ea0,#2a2e30
#342a40,#f12e90,#c2ff90,#f894d0
#2692d0,#a1d8e0,#47d8e0,#1848a0
#f1ece4,#d5a84e,#1e5786,#f8eea6
#e2e1df,#d0c1a9,#5c341e,#2f180b
#4c223d,#703a4b,#d3b1c2,#e7e6e1
#431f10,#b3b3a0,#c87620,#e7dbc0
#ff9f5b,#94ab5b,#f2c762,#f06c57
#a58cb3,#897bc1,#eae7fa,#d9a1a0
#bbd6cf,#76bf9a,#f7e92c,#f09e29
#2f2a45,#270a11,#ff0bac,#fcf3a6
#ff6501,#1a1a1d,#c7d7de,#0d698b
#d1a11c,#bc0a0f,#749992,#e2e7e1
#263e67,#0080f6,#8d918d,#ffce75
#225827,#9a12af,#b637fb,#e1a6f7
#fdcd00,#e5d9c0,#c03450,#4f3750
#fbd48c,#fff3ec,#ffeed5,#f87595
#545365,#e0e2e9,#bdf0d6,#318897
#232425,#d4d9dd,#ecf2f7,#ccba91
#f6cdc4,#fc841f,#b497bf,#5d1966
#406850,#bac7b0,#668f70,#254030
#523a28,#e4d4c8,#e1b48e,#738b19
#294652,#37947d,#ff2768,#b40052
#bcecf6,#f7f5f6,#ff2768,#ff8691
#5e5f52,#fae1c1,#fbfbf4,#f49586
#000401,#795f57,#d8b9a7,#eeeff1
#96aaa7,#6c3f3f,#e794aa,#eed6d3
#eddfd0,#2f8890,#4e1860,#17c4bd
#f3322b,#1f2231,#01dee6,#ffe433
#eddfd0,#2f8890,#4e1860,#17c4bd
#f3322b,#1f2231,#01dee6,#ffe433
#192e41,#05263b,#0d659d,#bbc8de
#f7e3b4,#d9f3e7,#009e92,#437081
#d8b1a0,#854b50,#f2f1f0,#bb8a50
#265b8b,#ececeb,#84c7f2,#1181c8
#b0e3ff,#f7c9b6,#fbf6e2,#3d93ab
#a79b60,#758250,#fae6d0,#f8d3b0
#5e6162,#94756f,#bdf0d6,#f9f7f3
#515941,#e6dcc0,#9aae79,#578fad
#7c9da0,#c9d8d0,#2187b0,#3ac5d0
#cbcdcb,#7696ad,#0d877a,#6b7267
#f3b9df,#ea85c7,#10a83d,#173305
#f6d4d2,#b19ff9,#4120a9,#a1a9fe
#deb3ad,#bac3bf,#d98594,#b24040
#f5f6f0,#c6cdc1,#44403f,#63a15f
#555830,#d5af10,#be6310,#bc3110
#b2dbf5,#69b1f5,#0000ff,#0f1114
#f4ede3,#7fe5f0,#75a8df,#667389
#2a383f,#db636f,#e8d3c3,#bab2a7
#a7dcf0,#2685f0,#132880,#65acf0
#042f59,#f3161e,#25afc2,#cadae3
#32b480,#486590,#bbafe0,#0e5d40
#402220,#08122b,#f9efee,#53001d
#e2d9ca,#6f2937,#e3bc9a,#e02c62
#f0e8d1,#ff4500,#fdf344,#111f29
#eff0f1,#6caccf,#004a94,#c1dbf0
#b3c1a8,#e3ccde,#2b5434,#2e4007
#88bfcb,#13344c,#071330,#367a91
#d4c7af,#c99e80,#c7a771,#a06d5c
#f7cac0,#55b7a0,#edc590,#88e8d0
#f8cf2c,#d8d6db,#cdc9bf,#596a7d
#697272,#c7c8cb,#efefe6,#ababaf
#59311f,#dbf3e1,#f7c9b6,#8fa897
#6e1a10,#ab9c80,#282f30,#ecb600
#354a18,#f9ebf3,#00a385,#00493a
#f53ad0,#23cac0,#f7cdd0,#f9f8f0
#c8a75f,#2e6467,#f6b49b,#e0e1db
#4d5c60,#83a3a0,#8a9ea0,#6a95a0
#ed2461,#f5c0cf,#d52057,#667369
#f2b8d0,#bf6690,#e9eae0,#85a3c0
#272220,#7d3f20,#d19a30,#f3cc3c
#a7c2d7,#bf2a2e,#f7e7ce,#56382d
#facbd0,#55eed0,#ed7890,#3a2b30
#fee1dd,#f488b9,#cc088a,#a2213f
#ffa303,#a2abce,#f76201,#ffe0ae
#40402d,#f2dbb4,#a0c196,#f49586
#8f4370,#f1efe3,#e3d9e0,#a6a580
#f3f0b0,#d4bbdd,#bd97cb,#656a60
#2cd5e2,#c2e0ef,#6bcae2,#0e63c2
#626520,#3d91e0,#952b60,#f1b620
#c7aea5,#f0e5eb,#499fa4,#dc6973
#a9b8c9,#c8a6a4,#5c4e4e,#be4d62
#ff45b5,#48b0cc,#b4f8c8,#fb5f5f
#e0eae9,#e5c6b5,#05263b,#284958
#905fd0,#2d1674,#00753e,#899de8
#df9916,#3c3d30,#8aa6a0,#517e64
#29000a,#644540,#d9ad9a,#e8e1e4
#b49a87,#56382d,#131919,#f0e7e4
#f5f1f2,#ea85c7,#3cc3bc,#f7ccb0
#3c84f0,#a06ab4,#d4bbdd,#82b9e9
#d1e7f5,#62a5c8,#d62598,#f6e8db
#10564f,#047076,#dbebed,#ffffff
#265b8b,#ececeb,#84c7f2,#0b1c48
#c96e86,#f5f3e7,#c7d7c0,#685341
#eaeff2,#ff3d33,#eaeff2,#00e0d4
#615959,#d0b49f,#a47551,#323a49
#58abe5,#f6c324,#ff7fad,#a9fed8
#664f4c,#ed9028,#f8cf2c,#d2d4dd
#523a28,#a47551,#e17188,#76846a
#7cf47c,#5d90b5,#f205c7,#fc2aec
#22262a,#feda15,#19342d,#bfd0da
#98b7d6,#eebe35,#6b7ea4,#95b2e8
#c8f4f9,#90bbc2,#2f7977,#205560
#d0e3ff,#d62b83,#fbc00e,#738d37
#051422,#5baed9,#195779,#afdbf5
#dacdca,#e6b794,#634f40,#935f4c
#5d6460,#c8b5a0,#a76270,#f1f0f2
#cf6f47,#c4c8ab,#89734c,#deaa6b
#fcd460,#cde6f0,#f7eadf,#e48b90
#fcd460,#cde6f0,#f7eadf,#e48b90
#cbae11,#c1c1c7,#feda15,#f7f7f8
#d96b75,#ffcba4,#8ba7b5,#163943
#082e90,#4186e0,#ffc1d6,#93fff0
#272f40,#86ae94,#e3c7e0,#bae5c0
#f0d8b8,#c47566,#f3f0e9,#e6b794
#fbead5,#ffbcde,#49bbc1,#857291
#e8e3dd,#fd812d,#7cf3a0,#8acff0
#9ae4f1,#36d6e7,#edc939,#2d7863
#713162,#35f0d0,#ff0bac,#ffdd64
#8dbaaa,#7bccb1,#35bcad,#e8e9e3
#00b4d4,#d85e00,#cade59,#9f2b00
#1dac90,#e26890,#9168a0,#b9c4c0
#efb698,#381741,#c598af,#e86b17
#1b2a37,#7da1bf,#edd050,#c8c7b9
#242628,#ef3340,#ffbd20,#2e86e0
#fdbab2,#4c143b,#da746f,#fec486
#918f79,#b9c176,#fee886,#854b5b
#f5dcd0,#f7e940,#f762a7,#2e2950
#0d3530,#216260,#9ebfc0,#dcdfe0
#4a7210,#daf3f0,#c6d830,#38bff0
#f6e2e3,#ffe400,#cc088a,#00af8e
#ede0cf,#ff2768,#d44a45,#153749
#103164,#daf0f3,#72b2c9,#bfdce5
#74dcf7,#fbbbb9,#fcdb68,#05a5bd
#e08955,#0048a4,#483d3c,#689ab8
#13292a,#ebbea6,#2e6467,#5dcad1
#5c815c,#dff6f1,#ff6501,#d9b295
#ab666e,#fe995d,#e10032,#560423
#ff79ba,#f25e22,#b8c7fb,#f7da42
#c47f66,#ae8b70,#fbf3ec,#3f4146
#d5d2d3,#e39594,#9ab19a,#fec486
#2c3e40,#809fb0,#e8bf76,#f1a438
#d7e3e5,#2e4d58,#3d9abd,#00789d
#002341,#e50027,#bd9d78,#5e8bb0
#192e41,#151b25,#52688f,#bbc8de
#50006c,#db9070,#1eb3e0,#39dcf0
#022126,#6ede52,#a16ae8,#d6e354
#666762,#3d5622,#808a78,#ca9a97
#1d5450,#248680,#82e4d0,#dee6e0
#022126,#6ede52,#a16ae8,#d6e354
#666762,#3d5622,#808a78,#ca9a97
#f5d4ab,#fe640c,#499fa4,#4f3f1f
#f6c9b4,#f3b9df,#ea85c7,#6ad8fb
#953638,#f5f0dd,#1c516c,#fda649
#a9dbef,#78a0dc,#399375,#135b32
#f2b989,#fef2e7,#f9bfb2,#526f73
#146c80,#22aac0,#c3b330,#d23130
#762f79,#4c223d,#e9d8e1,#87773e
#093f2d,#609380,#015d53,#010300
#523a28,#a47551,#d0dbdc,#324c65
#4fa9bb,#9f2424,#f8cf2c,#151515
#333343,#87a9ac,#c598af,#c72788
#032f0c,#ea9b7a,#d0b49f,#f2e1cf
#294ea0,#58e4e0,#f766a0,#7ed8e0
#fbf5ee,#3a93b0,#6dbec3,#0c1a54
#fb9280,#f95450,#7a003d,#400d10
#fbcaa7,#6331ff,#ffd8f1,#436cb6
#92459b,#e7c9f5,#b9a8f0,#2d40e5
#4a4138,#f7f7f9,#b0cbb0,#ccb28f
#fdaa74,#f65156,#5d3e56,#1f0d0b
#a5b158,#a6b5d6,#eee4f1,#eaeff4
#002952,#9ed3f8,#508ff7,#e8b338
#d9e2f7,#0d314e,#d05301,#9aa3b8
#649abc,#0d659d,#ff9c89,#f6ac6c
#eed590,#223656,#f08c4a,#43d9c0
#ecf3fb,#23424a,#3b707d,#57a5b8
#a89991,#2b2f35,#535e4b,#133249
#fec486,#9da993,#e39594,#d5d2d3
#5c038c,#73378a,#da3f59,#e5679a
#e8f4dc,#9fa975,#5e7845,#2b3b43
#312110,#d9d7d0,#970c10,#b68230
#4e5130,#dcbca0,#d55250,#e77a80
#6e7c82,#e4b196,#73c4ca,#cef7fa
#b67e40,#f8d452,#aad4c0,#e15d40
#d2c4aa,#a45c32,#5b8696,#435d84
#dee5ea,#89a9c5,#faebd9,#8d6e56
#4c342f,#e9967a,#3c7882,#d3dacd
#ccd7ac,#52584d,#d1c6a6,#ebcbbd
#975c74,#702d4f,#f0d6d4,#9505e3
#9e905f,#ffebe1,#ffc2c7,#ff4b9b
#975c74,#702d4f,#f0d6d4,#9505e3
#adb6ff,#fb64a5,#ffd800,#135c00
#f8a356,#2269b8,#c8f4f9,#fff2c5
#554a35,#e10032,#ffc363,#1c4508
#602932,#bdf0d6,#f89a9f,#88a8cf
#984c20,#472a10,#e9b210,#cd7630
#d38660,#a95530,#eab9b0,#e68180
#fba797,#de1e2b,#e151af,#f9df3c
#2e765e,#dfcecc,#714a36,#d85740
#ef2c80,#e9dfa0,#32c0b0,#f990b0
#946850,#181100,#e0d9c9,#596468
#8a427a,#8cbcb6,#e1cfe7,#2c6d0d
#fdd277,#bc9476,#efb7b8,#bbd6eb
#76836b,#f5e8da,#695e93,#eff1ef
#c1ecfd,#fdf493,#ae4daf,#6bcae2
#c39d99,#dae2e7,#97d0e8,#3d95c1
#2d5650,#e8e7e0,#70cfd0,#27aba0
#eddfb4,#eedad9,#cce2cd,#fee1c2
#2c3e5b,#5b89ae,#7c4066,#d3bc96
#8e5c07,#85bdaa,#03ab99,#ffc800
#c1c8d1,#8bc3ec,#ce0000,#04153b
#82911a,#dbdecd,#f75e75,#d00a12
#1f0c0c,#bc7e7b,#deb3ad,#a7161c
#153c64,#bed5eb,#0070e0,#055cb4
#6a906c,#1c4508,#c6dcab,#1c4508
#d9e4e8,#040a18,#c79989,#85826f
#4f7d7d,#c71351,#fcc5c7,#fdd253
#383838,#d2dddb,#feda15,#ffffff
#d7d3c1,#f3f3f3,#81b14f,#dfe16a
#c383b5,#2d1324,#c8bcc3,#a91d92
#8ac3c2,#cdd1b8,#c7a0bc,#ebefee
#67820d,#394d0c,#d8e022,#f3f979
#48514b,#e18222,#f0a529,#1d4e08
#173305,#10a83d,#f3b9df,#ea85c7
#19569a,#d7d5d3,#8ba9bf,#5ca2d0
#040001,#c48a75,#b26f56,#e0c6b7
#f7a16e,#efc8b5,#e8eced,#d6f7f8
#3d2e2b,#f7c9b6,#c5d7e0,#8e7161
#f49586,#f0e4ce,#e2c5a8,#a1c9d7
#040001,#c48a75,#b26f56,#e0c6b7
#f7a16e,#efc8b5,#e8eced,#d6f7f8
#0d659d,#0c4160,#738fa7,#c3ceda
#4c774f,#296066,#905fd0,#c5d2ef
#2a5965,#efccd2,#fdf2ed,#a66041
#d37f40,#94c0d0,#eccbc0,#fac590
#cf8150,#fddbd8,#9b5940,#fbdcc0
#e0e3d3,#b07d26,#bc0a0f,#00978a
#f3dac0,#515d60,#fa7a50,#8a9ea1
#7e9090,#970c10,#e2e2d0,#4eb6b0
#677880,#292400,#ef3340,#ebece0
#e5d6d0,#d55e84,#cce39e,#a95460
#ebf8fb,#c6e4ef,#256a87,#6aacc3
#020821,#c44f77,#2c3955,#689ab7
#aabec0,#e1c2f0,#e8e8e5,#63347c
#746130,#3d4230,#e4adc0,#fbd9e0
#000a14,#929eaf,#d8e2f0,#a7c2e5
#623b41,#ff6f61,#fdd55e,#f3e4e2
#2c2b27,#bb2684,#7d6dad,#e4e2ea
#627b76,#88070b,#cf8f70,#f6d672
#001b2c,#004a94,#43c3dd,#d9edf8
#ed4540,#fbbda0,#fcd4a0,#fb7660
#adc4d7,#e09c8b,#e9dacb,#f4ede1
#900000,#000000,#ff6501,#f1b416
#f1daad,#eac135,#814827,#080d10
#4c6585,#b0bfc2,#ccb4a9,#725446
#f2bb66,#d3b1c2,#d185dd,#a81a98
#ffffff,#b47324,#fad02c,#2c2217
#818e7b,#e4ca60,#d28540,#854b50
#8eb2c0,#f3f6f0,#355360,#8a6460
#ebcbbd,#d1c6a6,#4a554a,#ccd7ac
#4a8980,#f6c324,#fccfbd,#c5104f
#f5cebc,#e8a165,#faebd9,#212420
#6a8023,#655010,#df9a10,#b2dcf0
#ffdfe4,#f1ebe9,#988686,#bd7c5f
#e4da70,#f1f2e0,#3fbeb0,#3d0070
#f7d8e0,#8a427a,#868a96,#484e58
#0e1320,#ddcbb0,#0ed6d0,#0bb1c0
#b3d7b0,#9c4150,#e45480,#f8b2b0
#ff8882,#fae9e2,#4d0011,#032522
#f3cf80,#f73ca7,#25c0c0,#0e0c00
#871746,#cb9a9f,#495c7c,#3a3a3f
#8f916b,#00532d,#028476,#d9ce88
#ac203d,#01efe8,#52688f,#ffffff
#ff8882,#fae9e2,#4d0011,#032522
#314951,#f6f0e7,#e7d6cc,#a5bbca
#141514,#e8e6e1,#eefbf3,#48580f
#fedfe0,#353c40,#6dd3d0,#edd7c0
#bca88e,#e3e8e9,#9ab19a,#e4b4b4
#787d12,#489c17,#262207,#dceec8
#384910,#9c9088,#e7b190,#e8ab16
#444965,#f8cd4f,#e8ebf0,#f83940
#3c1c5b,#f89070,#f6f5f0,#e1c2f0
#b2d2a4,#1a4314,#2c5e1a,#32cd30
#00a566,#fff4f0,#3b739b,#ff8270
#8eafd1,#587630,#e6ebf0,#032030
#e2d2a7,#d1ac6d,#6d543e,#eef0e1
#798da0,#70c4c0,#264d60,#0c2240
#0a0f13,#a6048b,#3831b7,#b452e4
#e8ecce,#7a917a,#986aa8,#5e376d
#ebf1ef,#2b7d6b,#e13d00,#c3f8df
#102128,#20a5b4,#bc9476,#e0cfa7
#3e391a,#10bc10,#98c510,#d8f013
#debad6,#f874d6,#d7bafe,#b46e40
#043b38,#aff0f2,#30d9c8,#1c9b8e
#a6e0c3,#e784db,#77a0e7,#38446b
#5fd8de,#f7c9b6,#edd865,#8cece0
#282d1d,#899d60,#594f20,#344610
#041604,#a6e8bb,#05a63a,#a1f7a1
#2d2564,#a80ffa,#ccb8d7,#ece6db
#eec7b3,#c3c7df,#31221e,#442c62
#506560,#e8ebde,#59b5b7,#c8f4f9
#e79f87,#d14153,#4ed7d8,#354050
#130170,#cdf4dc,#04d3bc,#cd0046
#8a9ea0,#fefef0,#030500,#a1d2d0
#754860,#ffffff,#ff9636,#0094c2
#91a5a1,#81abbc,#e6b451,#5e6e54
#c9b1a6,#405863,#cedada,#453b32
#f3cd74,#5dcad1,#1c2143,#71f8ff
#e8e5d8,#fab333,#a7a88a,#e0c1ae
#c598af,#9fabe0,#7e88a0,#070b08
#833830,#f06490,#e78790,#f9e8e0
#c2aaca,#c1c2ad,#8dc7cb,#e2e6e7
#da6e30,#be82a0,#f5c5c0,#ffd870
#e8e5d8,#fab333,#a7a88a,#e0c1ae
#493743,#f1a17e,#a37a68,#dcd2c6
#192e41,#010307,#071330,#bbc8de
#f6c68a,#c7e8da,#f2e6e0,#f09ca2
#7091ad,#ef9d7f,#f4d3c7,#e7e9ef
#874a5b,#050606,#e3cdbc,#ecf1eb
#fee3a7,#ff99cc,#bd97cb,#534f4e
#00000c,#00183a,#498af5,#0000ff
#bed1bc,#4e4a5c,#a76c56,#e4d4c8
#f8be50,#5e0800,#507060,#f3ead0
#391306,#f1ced4,#6d0000,#f9ccd3
#dcad99,#00b9be,#09476f,#d3dada
#c8f4f9,#4e8b9d,#e9b5a0,#2c2c22
#0a1640,#c9cfd0,#00fff0,#1986a0
#621590,#dd3290,#fbb550,#f1e3d0
#1c6709,#e9daef,#cc088a,#aee804
#fff8dd,#df9841,#9ab19a,#6a463a
#4f687f,#d7cfcd,#383a3d,#fdca90
#c7d8e7,#122e76,#7391c8,#151b25
#6a906c,#1c4508,#95a800,#1c4508
#fffcc6,#65463e,#8e3c26,#fcc931
#2f2f1b,#e7e1e0,#324a60,#e8ab16
#5f6f50,#d4cbc0,#efd2b0,#854b5b
#b25a94,#420264,#864369,#719db4
#f894d0,#c2ff90,#f12e90,#342a40
#090a0e,#760504,#e13d00,#fbdc6a
#807d88,#885f66,#c3d5d6,#f0e1de
#ea85c7,#ccfcfd,#f7c5ac,#c1adae
#7a5146,#ed9a60,#f1c3a0,#fadcdc
#e0c7e9,#d74a76,#a998ee,#e4e3e0
#b85542,#e6e7e0,#7399b0,#859b80
#351f10,#b79460,#ef7889,#f5d3c0
#7a003d,#ee6d50,#f63e50,#f0d5c0
#0f5190,#6a96b0,#f4c77a,#d8a270
#3bab5a,#e2b808,#cc5216,#910c00
#7e7171,#d4c7af,#403522,#c7a382
#fadcdc,#e5bea0,#743930,#996350
#964f2d,#fadbd0,#bfdc80,#f9f140
#f0c5c0,#52e0c8,#faede0,#ff6851
#402978,#275316,#602ff7,#603f8b
#4e6452,#6aa59f,#a8b082,#ff8616
#002221,#b6be52,#5298bc,#2e3b51
#f058ae,#46ac37,#149aef,#3dbed9
#d9afc2,#94c973,#c0b1b5,#466033
#89a3d5,#dde1ed,#6b7ea4,#b1bacf
#242d18,#0b1626,#fad02c,#852e1b
#e0e3e3,#d13055,#d4cca6,#fcc0c5
#dbd282,#afb58c,#d6eaeb,#ebf0e5
#323432,#787069,#98a4b0,#aba6aa
#7cf3a0,#f83212,#a1c3ce,#1b6183
#291d29,#cfc1ce,#e9a33a,#e35a01
#354a18,#f9ebf3,#4ec33d,#2c7721
#1a2b50,#346190,#d6c1a0,#7598a0
#f7cac9,#6895b0,#eb8a70,#e9d4b0
#103a00,#ce3c10,#c8b640,#135600
#fcd055,#706369,#ad1a3c,#f4d6d5
#061748,#cb3f32,#f56b39,#eaae88
#e2dad4,#b48b78,#74584d,#29000a
#5b703b,#e13b23,#ffde68,#ff9e4f
#6d130c,#a39d92,#e5dad2,#73955b
#255355,#7b583d,#233040,#ea1736
#655d55,#fdf7f0,#5d6166,#e2cbbe
#413740,#c97253,#8faca7,#e9dac4
#fcd8a2,#f4e6d5,#e10032,#fbb000
#efecda,#468cca,#a2ceea,#1c6cae
#181310,#060644,#727880,#ceb290
#cddb62,#07060d,#e9edef,#fab6c7
#e7cfab,#170081,#fd5db4,#05f9de
#b637fb,#a07c33,#cca1f3,#e9d5fa
#276d9b,#b1d4e4,#283049,#dae5ed
#96a860,#4c6037,#bd8e40,#b45d2a
#5380a8,#b4756e,#eee6d9,#2a383f
#a96290,#e9d8e1,#e081bc,#4c640a
#eae3b9,#29250d,#5f5b50,#fad130
#01413a,#ca9639,#dedce4,#012622
#05383a,#a47551,#962a51,#96a39e
#a96290,#e9d8e1,#e081bc,#4c640a
#d3edf0,#56c0f0,#09c1d0,#1ca6a0
#191922,#523a28,#c06d1f,#c9d3cb
#8fa0a8,#e4b196,#73c4ca,#cef7fa
#d2e0dd,#631104,#57a5b8,#fdb560
#fb2860,#fff980,#8a9ea0,#444970
#814827,#ea9130,#e4e4e2,#d0b49f
#f5e4d8,#daddd5,#d4fce8,#997a6a
#5b312e,#9c61d5,#ffcd23,#ff2768
#e2eae9,#7b9e93,#45b08c,#2e765e
#676b40,#e1dbd0,#c79a90,#4f3750
#f2f3f7,#b10450,#e5c101,#dee74a
#189ea9,#f3161e,#7ea956,#e2e6d9
#e37893,#b5eecb,#fbfbeb,#c38f6b
#503828,#97a084,#e6ecd6,#fef4d7
#2c2b27,#bb2684,#241834,#e4e2ea
#e0cd4e,#5eb7ca,#aadce6,#e1e5e7
#d985a0,#ddadb0,#c22660,#fb5ac0
#969b40,#cfc7b0,#0c2900,#2b5400
#d8d6c0,#854b5b,#c9a970,#2a4950
#030000,#1f2024,#343c3b,#a4a8ab
#61c2a2,#b6e2d3,#bdbfa3,#09224e
#4e4838,#031812,#0a4b39,#7b9f9f
#e2e8ef,#03ab99,#7fa091,#01413a
#1d4e4d,#0099a2,#54bcce,#f1f8f0
#e151af,#b8eaf9,#edb75f,#3eb4af
#5fafbe,#7b583d,#f8d8cc,#b4c6c6
#543d37,#ca6902,#d0cdac,#72a4a8
#a2bc06,#9aa117,#345204,#d8e022
#523a28,#81badf,#b8cbc8,#28415d
#6e9277,#e0e6e9,#a0bec5,#435861
#704f70,#469ea0,#fac9c0,#364240
#57001c,#b3d7b9,#db2058,#f7bb96
#641e5e,#1d1f0e,#c55ffc,#7604b4
#b7c9c3,#a47551,#d0b49f,#857b79
#82a4e3,#c3d7f9,#151b25,#2255dc
#4e1a3d,#cfeed1,#ff0039,#05e0e9
#e8c5ab,#000000,#e9ddd4,#6d0000
#233619,#a5b880,#393010,#809b20
#7ee1ef,#b5eecb,#e2e3de,#db8993
#fabf70,#241f40,#f3cfb0,#c57b70
#fcdec3,#e6e9e6,#208ab7,#5acbed
#7ee1ef,#b5eecb,#e2e3de,#db8993
#000000,#3a4968,#f44738,#0087ca
#445160,#498ab0,#dee1e0,#854b5b
#356c72,#ee3a5f,#00c3d3,#dcded9
#3b4c64,#d2a87e,#814827,#02130b
#6a8cb8,#001f3d,#b4c9e1,#89acd1
#ffd25f,#eee5e6,#dc7726,#82432f
#e6b794,#b8ddd6,#e0ebe5,#b88455
#11688e,#14cfcb,#cb857c,#f9928a
#5d4530,#f4c15a,#d13120,#5f1300
#ffd774,#fbc00e,#81eaff,#29b3ff
#2b3270,#5429da,#ee5ab1,#c4e1e2
#616862,#c2b280,#14486c,#001f3d
#bd6e50,#f6d6b0,#f6d0d0,#fbf2f0
#6e5a5b,#bfaebe,#6b0e29,#0f0000
#e2c1de,#edf1f4,#17b3d9,#fc8a10
#1c2623,#0cb9de,#d4f1f4,#75e6da
#0f4454,#cab5a7,#05263b,#fcf8f5
#fadbd7,#d29cbb,#4967d9,#5e376d
#b4edc0,#d5d7c0,#e7f6b0,#c6274d
#091610,#6d9d60,#8a9ea0,#c7ccc0
#aeb8c4,#214358,#071330,#9ca6b8
#caeee0,#98e8e0,#39d3e0,#426250
#0b7c90,#406350,#e54330,#f8ea8c
#007449,#40a332,#2a2338,#c9dabc
#311815,#52584d,#b3c1a8,#711015
#d3b1c2,#ca5cf1,#2c231c,#e40e19
#6d5440,#000210,#862a30,#e08f25
#a24d30,#091115,#ffd700,#06e1e0
#293b0d,#f6e6f1,#03a65a,#016236
#e0ded0,#2a7890,#79c0d0,#72ece0
#fcc761,#ec7caa,#ff0bac,#e8e0d3
#f6f8f2,#faeeef,#c37455,#fcc0c5
#425f06,#0352a0,#ecf0ed,#ef3340
#c68879,#581800,#fefbc3,#313433
#897c70,#ffbb40,#fffaf0,#8a9ea0
#ecedee,#adb3bc,#8a444e,#aea097
#751f27,#424478,#0088d2,#fa9335
#f6f8f2,#faeeef,#c37455,#fcc0c5
#363930,#aba090,#b67f50,#114450
#897c70,#ffbb40,#fffaf0,#8a9ea0
#88bfcb,#13344c,#0d659d,#367a91
#e6c8a0,#fb9474,#a98ab0,#6cc28a
#a39d93,#dbd5cc,#646763,#afb4bd
#bdc7b4,#e8be7c,#fef8e6,#b6c4cd
#ffd780,#3e5460,#edf1e9,#970c10
#040a18,#ecf3fb,#05263b,#43758a
#213248,#847171,#d7aa8b,#30837a
#030303,#7b9aa0,#4d6470,#a3bac0
#5c6960,#efeee0,#8a9ea1,#202120
#435861,#928880,#e5ded8,#b88470
#232425,#dfd2ce,#b1767c,#d4d9dd
#2e74a0,#64afd0,#040430,#09509a
#53596e,#c383b5,#d1d5b6,#5c3b75
#f3ced5,#f40096,#4120a9,#00933a
#d3dada,#1b3954,#5dcad1,#dcad99
#016236,#7e7d73,#fcf9fa,#020706
#99cac7,#0673c1,#8a427a,#6d1490
#3b4754,#a5a9b3,#74112f,#000000
#c1ddf0,#1679cb,#000066,#00000a
#b4bdae,#04333c,#cbea3e,#005cb8
#ff8882,#543855,#bc7e7b,#ffe0ae
#562610,#db6e30,#f5c6c0,#fb9d40
#d9bcbc,#b45f4b,#030303,#ebeced
#9ab19a,#efebe9,#52584d,#2f362f
#922432,#f26c67,#fdcaa3,#89cff0
#93876e,#f76201,#b8ddd6,#f0eee2
#50006c,#31221e,#c3c7df,#eec7b3
#695e93,#31221e,#c3c7df,#eec7b3
#eec99c,#316f37,#b4b9bc,#013a20
#a5a7cf,#fafafc,#2d1674,#5a58a2
#d1c2c2,#cc5216,#f9943b,#5c0601
#15227a,#0a1e49,#c5bba7,#090f22
#7b6867,#fcfef1,#005d9e,#ff4500
#332623,#ddb78e,#ffc9cd,#b4f8c8
#edead7,#de908d,#8f916b,#735141
#133f50,#41a5c0,#fcfefb,#d85a60
#606462,#edf0ee,#1b463b,#2c7721
#f19e36,#b75018,#727680,#040001
#434240,#8985b0,#5c247a,#e0d2c0
#15227a,#0a1e49,#c5bba7,#090f22
#211a1a,#f14c00,#770000,#fada67
#332623,#ddb78e,#ffc9cd,#b4f8c8
#c2a998,#a39d92,#29292a,#ffffff
#525410,#fbf3e0,#b7b940,#c4a76e
#151073,#e49830,#f80000,#fefefe
#606462,#edf0ee,#1b463b,#2c7721
#cd888c,#640017,#594b44,#1e5515
#c5b8b0,#e3a74a,#93e9be,#2eaab3
#32083d,#cc8684,#eef1e7,#8b9da1
#da8260,#f4b9b8,#dca780,#e9e6e0
#4e4541,#f05e74,#4f6356,#f5ba43
#403e30,#e0e5e0,#637c80,#854b5b
#36454f,#8ca6b5,#cbbdae,#b06153
#c9d9f0,#897bc1,#fec437,#fe5bd6
#d85a60,#394730,#c8e7e0,#f8fbf5
#65463e,#f0c88e,#d13704,#fb9e09
#14181a,#cddce3,#319905,#0a4b39
#1f262e,#2e4769,#4c7c71,#e15b18
#415f6b,#1b2c4c,#d6f0cd,#632b24
#725446,#cca990,#be7e54,#736c4f
#0a3504,#d8e022,#d6e8bc,#72b599
#31352e,#52584d,#efebe9,#9da993
#dbc7a6,#3d4957,#ececec,#282e3a
#0b1c48,#e66912,#9e3a14,#028476
#f1f0ed,#d2c4af,#a0a0a0,#322424
#c49d5f,#970c10,#faf9f0,#a2b7a0
#71a6bb,#bedbe4,#89bed0,#10564f
#fff9f5,#ff8300,#df362d,#b7ac44
#cd4163,#a1f7a1,#0ad1bb,#e7e6e1
#88070b,#f65156,#5d5d2b,#f4c60b
#102127,#f8c043,#7e667f,#9f2b00
#414550,#fff3d9,#cd9e7d,#d1e2c4
#ffde8b,#fefeff,#ff5f7c,#57dea0
#6e3110,#eacca0,#c99460,#f6a970
#c9def0,#f8f9f0,#b7934d,#e1c340
#20262a,#bfc3a2,#995943,#fffef4
#040000,#939081,#e4e4cd,#d1bfa6
#c3d6db,#e8dbcb,#2b6488,#071330
#2f3a47,#814b95,#bb89d6,#d0a27f
#f6ac6c,#ff9c89,#1b44b0,#649abc
#383838,#6c6a61,#f5f5f5,#959595
#454d70,#d233b0,#eed340,#e8dfd0
#425641,#e76d57,#ffeed5,#9c897f
#eec7b3,#245c31,#7800A2,#ff33ba
#fffeef,#212223,#765b41,#dbdac5
#481d01,#cecfcb,#f5631a,#fec64f
#e6b794,#e5dbcf,#56382d,#537d82
#d0d8d0,#ffd700,#93b2c0,#dfc390
#e5e5e3,#f3c3d5,#efdaa4,#a8c198
#ebf6d1,#ff61c9,#d7cffb,#1d5939
#f9ffee,#d01110,#6d9fa0,#e3c340
#938c7a,#95675b,#ecd7bc,#66381c
#970c10,#d6d0c0,#b9c604,#313319
#6e2f15,#ffffff,#ecd5bb,#013a20
#60d0be,#f3c598,#8cedda,#f2d8cd
#342d20,#e4cdc0,#5e0800,#a5b4b0
#c1c7c6,#6c6a61,#fff6e5,#111317
#c3a278,#afb58c,#c5c4be,#efefe7
#23424a,#5b87a6,#f5e3d8,#fff4a1
#2d1674,#ab729f,#7800a2,#4871e8
#dcad99,#00b9be,#0b1c48,#d3dada
#35382f,#499fa4,#f4f5f7,#3f779d
#374b60,#547980,#d7ad60,#9a4830
#d6e1eb,#99aebf,#cac8bd,#523049
#dbc7a6,#3d4957,#9dd0da,#ae92d3
#f8e5e0,#fdd55e,#ff6f61,#623b41
#d8b9a4,#814b95,#f397c3,#fefaf1
#5f4e40,#9e6e40,#f2cb57,#efca90
#3a2a20,#b79a80,#eec8d0,#f87fa0
#523a28,#879686,#de5d68,#ececec
#ffddc3,#fff4ef,#ff3d33,#68819b
#4f3a30,#d8e022,#cf2410,#13cbe0
#82b8e0,#ffd370,#43acf0,#00d3e0
#db3781,#ff6cc8,#89fbf3,#3b302b
#cdab7a,#402220,#cd924a,#845745
#a0d1d0,#aba040,#ba4980,#367670
#c7f5ff,#aeb463,#7fe5f0,#2d3a3e
#db3781,#ff6cc8,#89fbf3,#3b302b
#915330,#2a1b10,#bc8660,#f7cac9
#738b88,#e6cb99,#c1c2ad,#03182e
#1f3541,#007aa9,#9ec3e0,#c7c0c8
#2c4310,#929630,#e6bad0,#fddbd8
#011c2d,#f5f7f4,#d5ba90,#b42c51
#cdab7a,#402220,#cd924a,#845745
#a0d1d0,#aba040,#ba4980,#367670
#5b5d52,#c7c4b1,#00afbc,#f6f0e7
#c87a34,#313307,#977342,#b35025
#f9e3c1,#f3a850,#dd6529,#400602
#ce860e,#e4d456,#2b2d68,#7604b4
#5a5625,#d3b1c2,#9b1861,#eb0000
#bd97cb,#a06ab4,#fcc62e,#9ba9c1
#c97a80,#e7af96,#e151af,#ebe2de
#424554,#f3a889,#ec440c,#30d9c8
#1c1d40,#a2c3c0,#c8b4d0,#d6d4c0
#242d0b,#858137,#8797a6,#acafac
#df4c8a,#e2e7ae,#b4f8c8,#9ed2d1
#594422,#f4edeb,#274459,#b18743
#594140,#edecde,#c4d4de,#b5605c
#d1e2c4,#283745,#c1b189,#4b4a48
#5da9ce,#aacde5,#74b3d7,#22659e
#98b1ae,#b1a89e,#8f1c3f,#595421
#d7acb3,#e0dab7,#9ec1b6,#060c0d
#0b5471,#85b7d6,#f6f0e7,#797c82
#8155ba,#edd597,#015a8a,#d68e9a
#f3eae1,#a8bac2,#f1a17e,#be9391
#d0e2d0,#60dce0,#20add0,#4a8670
#ac8e69,#5c8491,#c0b3a0,#35454c
#d7e47b,#ffc171,#a3b2ba,#cfa2a0
#e1c686,#988686,#e0a8a5,#e1d0d5
#5ad0e8,#f4efdb,#ff424e,#664c52
#420264,#aa7b93,#5f3f4e,#f5ece0
#1a3315,#093a4d,#c8dae9,#1c4508
#f2eef7,#1b4a56,#a3a3b7,#ff1a4c
#222344,#6c93a0,#87bfd0,#d3e1e0
#f0f6f0,#945f40,#c48e60,#56cfc4
#ffc2c7,#91111c,#f4e4eb,#aec3bc
#686960,#a8aa8d,#d1d2d0,#bad4e0
#44ddf1,#f5cd6a,#eb8f48,#3a2044
#c2956b,#91745c,#545450,#f4d7ac
#d3b1c2,#7f266b,#32251f,#7d8829
#ad51bf,#bf685c,#963d67,#debad6
#bcdbda,#58bad3,#814827,#edbe6e
#d8c800,#4120a9,#0a0a0a,#dbdf87
#f1dcd9,#ffcba4,#010101,#f2b5ab
#d5c1b9,#914955,#212223,#999da0
#efebc4,#f3c164,#fabc13,#f3161e
#5b5a5b,#d6cec0,#d3dce0,#fdf4e3
#4b2c83,#c8c8d2,#59de7e,#9505e3
#e1d7d7,#ff6501,#c9bea5,#2d2834
#b5695c,#ffa59c,#fff3d9,#6c1f83
#ff8882,#fae9e2,#74112f,#032522
#399375,#e7a1a4,#e92322,#f9f2e4
#b80454,#1d190a,#9e8ede,#dcbcd0
#c9d9f0,#adb6ff,#fec437,#fe5bd6
#cbe4e6,#ce6846,#f06c57,#fed299
#705444,#d2c9c2,#b8805a,#5d341b
#d5c0c9,#78e3ff,#442a36,#ffb1ce
#090a0e,#760504,#e15b18,#fbdc6a
#484b36,#cd6431,#dda703,#a9d333
#ddd2c0,#93e0e0,#566160,#2e5660
#fffae5,#e64531,#e9ba5e,#2d1411
#71726b,#202620,#655840,#d0e6ea
#52688f,#ecd5bb,#ffffff,#710117
#fbdd00,#e9a200,#b32800,#3f1300
#123a02,#ffc2c7,#344582,#e75a77
#c36001,#2c6d0d,#8a427a,#573583
#b75540,#bd97cb,#fcdab2,#f7b945
#787d12,#cecbb6,#18344c,#0d6292
#f3f5e0,#382b40,#27cfd0,#de1530
#fdf4e3,#a39d92,#d6cec0,#cf6f2f
#9f2b00,#f2ede9,#da746f,#f1b416
#a2192b,#cb857c,#f984b5,#fbd695
#291d14,#846264,#a5c2c6,#d1b7bf
#97a8a0,#eceee0,#dc9750,#94bcc0
#678272,#c9ab3d,#e15b18,#4a7004
#000000,#ff4a3b,#fff797,#e34234
#294652,#02894b,#ef3340,#e2dcd6
#787d12,#cecbb6,#18344c,#0d6292
#678272,#c9ab3d,#e15b18,#4a7004
#23424a,#57a5b8,#e8eeea,#590d11
#85826f,#c79989,#2e3b51,#d9e4e8
#a5b2ca,#9fa975,#e09a43,#eec268
#56bdc9,#464947,#72c64b,#e2e4e7
#729663,#ffc171,#17262b,#9f2b00
#624643,#6f743c,#c1cb68,#282915
#2e5d3a,#dbdbdb,#b3c1a8,#f1833f
#040400,#042360,#0f64c0,#e9eef0
#8aa092,#ffb067,#f8ce79,#83883e
#f4e243,#fdd55e,#2d73c1,#41483c
#765a40,#e4c7ab,#342617,#fbecdc
#256f60,#de92d0,#69b6d9,#3fd7c5
#292220,#6a5530,#dda740,#f4e2ab
#6b4d40,#ffcd63,#e59b60,#a0603a
#d7d5d7,#7d7485,#51a5ae,#040000
#84627c,#dac4c0,#75e6da,#16796f
#0c2d0d,#f3161e,#fcc5c7,#5d6c4f
#ece9e0,#5d5f60,#213130,#8a9ea1
#1c4508,#578e87,#f7e2c7,#97aa00
#24202b,#fff0df,#a97061,#6c473d
#bcecf6,#f7f5f6,#ff0039,#ff8691
#3d3339,#9ebad3,#f8e7e0,#897990
#0e4e17,#dbfcdb,#d8da71,#a8bf76
#5a3320,#854b5b,#e5a250,#f3ebd0
#da6120,#dadbd0,#bfa180,#eaad70
#e2f7f3,#eac8a5,#c04021,#2c8c83
#ebc767,#4ea7cf,#988686,#63e4df
#a65967,#93e9be,#527582,#d7ba96
#254a76,#e7e7e6,#80bbeb,#89a3d5
#704f70,#929580,#c3b090,#37292d
#030a04,#ff5412,#ffb85d,#1181c8
#cbbaa8,#232425,#bababa,#bc9d6e
#f257bb,#75567d,#d26840,#fbd2bc
#b6d2c1,#dfcfb0,#efcdb9,#d49c70
#fdbcd5,#01949a,#9a776b,#ecb399
#0e050f,#170b3b,#341948,#695e93
#710019,#1f6c66,#e7e6e3,#d9ef93
#3a4a52,#a58075,#e7d6c0,#b2babd
#fd3282,#5429da,#789f40,#ffc70f
#0e050f,#170b3b,#341948,#695e93
#6b3c30,#cd8150,#efcdb0,#f7cbca
#d3cac3,#b9968d,#65463e,#4c342f
#5d1212,#ad6a5a,#dbe0dc,#12151a
#1f2020,#556890,#f4b9b8,#feecc0
#ec0062,#9a7c8a,#ff0bac,#dfdfe0
#2d0f0a,#cb9a9f,#a5a5cb,#e7dbe1
#ebf094,#9aa423,#3b5410,#dee64c
#e8e3e9,#009da3,#b37376,#000000
#555e52,#b7be90,#c7b16f,#ccd4cc
#b6c59a,#c1cb68,#20323e,#d7d7d7
#f1be6c,#dbe8e1,#a0e0e4,#e194b5
#30000b,#bd002a,#fff3d9,#dc4731
#1b2e3c,#0c0c1e,#4b0000,#f3e3e2
#98705d,#e07a8a,#d8d6d7,#e6aa37
#f7cac9,#e8ebd4,#adb6ff,#95675b
#df362d,#1a1a1d,#d3d3cb,#0d698b
#988780,#ffffff,#05263b,#e7ded9
#ede6e0,#ccc1bd,#e4c199,#fcc0c5
#5c3d20,#9cb160,#e26190,#f5acd0
#317140,#97af90,#24bfb0,#fad7e0
#829867,#c7d6e5,#f0e8ad,#768270
#fbd230,#1fbba0,#1b4f40,#c4cbc0
#343f50,#ff0080,#f68450,#f5b080
#fca46c,#f8e6dc,#8d4a01,#ff6138
#6c6a61,#d4d2d6,#29292a,#b73c62
#b4c5b6,#3f98af,#1c9b8e,#10564f
#233f6f,#c8bcab,#f1a17e,#dedde2
#4288ae,#e9dac4,#716671,#d8dfe5
#39b1c0,#8ddde0,#775b50,#e6e9d0
#0081ac,#8430ab,#e1ede7,#f3a6b0
#c598af,#415271,#cc728a,#ad2c40
#0c1120,#2c4d90,#dfe0e0,#3282e0
#e5e8e9,#69a5ba,#9d0f40,#a4b53b
#2e5660,#566160,#6bdbe0,#ddd2c0
#a58e80,#f89a85,#756160,#f8e2c0
#adb4a0,#d6cbb0,#b47460,#663c10
#e793b8,#d4d1cc,#6bcae2,#bfdabf
#81abbc,#4d5e38,#f1f3f3,#403a2c
#adb4a0,#d6cbb0,#b47460,#663c10
#bab099,#d39944,#ecf87f,#6f743c
#e793b8,#d4d1cc,#6bcae2,#bfdabf
#d6d5d6,#88a09a,#10564f,#16796f
#61578c,#42777b,#847171,#46595e
#d8d297,#f0e7de,#c72544,#99877e
#dcaf8e,#5e8862,#dedee0,#f4babf
#499fa4,#bec6c3,#e9bc8b,#3d4a55
#536a79,#d0ac90,#f1eff0,#d65242
#9ebf16,#e65aa4,#a51e45,#ffc133
#eaebed,#74732a,#710019,#d3b07d
#36302d,#479499,#e9e9e9,#5e121f
#9ad0dd,#e8dbcb,#a998ee,#495a4d
#af7f51,#b2bbb8,#65463e,#6d2e18
#6a6c50,#834030,#cc7130,#e0ba47
#4e514f,#e9ede9,#028476,#01413a
#f9c054,#fff3ec,#fff0d6,#f87595
#897580,#444a80,#8777c0,#fe8aa0
#91161a,#e2e1dc,#014144,#040a18
#cbcdcb,#6d815c,#c0753a,#323432
#6f5d44,#dc7726,#cebd9e,#616c44
#fdefe7,#6d4940,#c45a76,#f1b989
#93a387,#2d1674,#fafafc,#838bc2
#8da483,#44403f,#dbfcdb,#f5f6f0
#eca45d,#ea6d5d,#fddf86,#5c4732
#2d2424,#5c3d2e,#b85c38,#e0c097
#69a9c3,#608ab1,#817abf,#b2d8b1
#f4b062,#c9c082,#ad605d,#8ad4b9
#3e424d,#8f916b,#dca1b8,#eddfde
#f3eedc,#9fa975,#faed33,#ca9c16
#25341c,#71a62e,#c7fac7,#8be039
#304e30,#5b7c70,#172a10,#796e20
#232123,#88070b,#d6d8e6,#6781a1
#b3bbba,#00493a,#000900,#cd836e
#ffe4e2,#ffcb76,#ff6501,#900300
#287686,#dfd1a9,#c79fa7,#60668e
#d6304c,#1a1a1d,#fffafe,#da746f
#25232b,#9a6a58,#d7c6b9,#92443a
#e3e6e0,#c2d2d9,#31352e,#448044
#47484a,#c0c9d0,#999da0,#82858e
#f4b062,#c9c082,#ad605d,#8ad4b9
#3e424d,#8f916b,#dca1b8,#eddfde
#287686,#dfd1a9,#c79fa7,#60668e
#004b02,#005cb8,#153672,#e51e20
#45b08c,#255d60,#e88098,#35b5e6
#c29675,#f9efd6,#c8d9bf,#535957
#eee753,#6ba364,#c21d4f,#ea1593
#616c59,#1c442c,#b9a7bb,#4f476f
#727b8c,#d3d8c0,#efd785,#666563
#ece0cf,#a8c793,#f2c1ab,#b38063
#b23c3c,#5fa7d0,#028476,#01502b
#e2dcd0,#202020,#bdb2a0,#545d60
#282920,#704f70,#e3d9e0,#b9deb0
#adb6ff,#4120a9,#ade292,#3e004a
#dccfca,#399375,#0d6365,#cb5d09
#272d83,#00753e,#c592f1,#a5a7cf
#2e2920,#496970,#dec0a0,#b6aca5
#364850,#e8e2d4,#854b5b,#8ca690
#667b80,#dadcd0,#854b5b,#282f30
#9de89c,#79b454,#559166,#232623
#efcfc2,#245c31,#603f8b,#d1d7db
#5f9834,#ff3d33,#e3bee0,#fd8300
#383838,#968c7d,#f5f5f5,#dd982d
#9c5a54,#6e5e5e,#f7ba8e,#6883a5
#2e2d28,#fe9900,#adc4d7,#5b89ae
#d9b295,#ff4500,#dff6f1,#5c815c
#2f262e,#d62598,#cc9c6e,#f9fefe
#907970,#cac1b0,#854b50,#8693a0
#efeee9,#016367,#13292a,#859579
#006160,#efbdc0,#c1c2c0,#e8c420
#60dce0,#20add0,#d0e2d0,#4a8670
#10404c,#c27754,#7c9cab,#7e7561
#ebf1ef,#2b7d6b,#df362d,#c3f8df
#ffa384,#cb4e47,#ff8976,#190204
#d98030,#ac97c0,#483a70,#fdc320
#ca4050,#daa590,#854b5b,#9fb4b0
#176747,#547d59,#cfa3ab,#5c038c
#201315,#e76d57,#f8f3eb,#56382d
#e47a62,#736350,#a7b195,#e9dac4
#767773,#f0fcf6,#fff1d0,#4c5063
#a9c9d1,#f9f6f0,#c4a378,#3b3c42
#e7d6c0,#7491a0,#364e51,#be9685
#525550,#e1dfd0,#24262b,#7da1bf
#7fa033,#2c6d0d,#c383b5,#df44a9
#631d17,#f2ede9,#da746f,#f1b416
#201315,#e76d57,#f8f3eb,#56382d
#b4f8c8,#15e052,#ea101c,#ae0900
#8c9caf,#e2ddcf,#d87f98,#a99f9f
#e5c894,#5a724f,#cccbd1,#01413a
#3b4754,#a5a9b3,#74112f,#000000
#feb281,#353643,#00735c,#ff8f62
#030a04,#536f16,#d4d6cf,#1c4508
#704f70,#d6cbc0,#cadaac,#556d70
#29ffff,#d9c9a0,#d52130,#d2e5e0
#e47a62,#736350,#a7b195,#e9dac4
#696c60,#dfe5da,#b4b4b0,#b0b7c0
#fffcc6,#fcc931,#8e3c26,#5e3f3d
#d69a90,#e1dce0,#ae6a50,#c08070
#f29367,#a98ab0,#efede4,#8fa259
#002642,#ff2768,#f8f9fc,#710019
#48342f,#fec486,#e75f63,#1ca5c9
#e37a30,#9fa840,#efb140,#745d20
#fde1b2,#a8b082,#ec3b50,#542533
#f0be60,#f7f6f0,#630056,#240030
#b2aaa0,#29250d,#5995c2,#ffd567
#fbd48c,#fff3ec,#fffae5,#f87595
#1b0c0b,#a55d4b,#906876,#f7c9b6
#d9b295,#dd3f0f,#dff6f1,#5c815c
#4cd4e0,#8aabae,#8e6e52,#f7e6da
#aa6a40,#f2e8d0,#f88370,#ebc490
#8490a0,#4f476f,#a16ae8,#ead59f
#ece4dc,#183b07,#ffd3a9,#e2e2ec
#ccb28f,#b3c1a8,#f7f7f9,#4a4138
#32373e,#f6f1e7,#ce7d67,#2f5061
#c7483a,#fae9e2,#ffcba4,#000000
#92cf93,#2d1674,#e2eddd,#decaba
#2f3030,#494f59,#7b88a0,#bccbe0
#a1d0ee,#15a6b7,#0265ab,#6c442e
#bdbcc2,#3e3f43,#587a81,#7b583d
#1d2222,#89a3d5,#bcbcdb,#3a78af
#e5cbce,#d35e90,#cbd0b4,#2a1f1f
#4871e8,#b5a3ff,#ab729f,#2d1674
#56453e,#211c1d,#e0d7c7,#f1e2ad
#dcdcd0,#c2b59d,#fc7782,#86967e
#030000,#855735,#b47e52,#d6ae90
#f8cfc0,#de9250,#df2c30,#1b1650
#d6c9d3,#c1c2ad,#8f916b,#5f2e48
#c9595f,#372f2f,#fbce3a,#e0d0b8
#826b9d,#f6c324,#92b3c2,#ffeeda
#618699,#c1524c,#df915e,#dae88b
#5fabd0,#1e552e,#276480,#adde40
#9b9896,#67d2f0,#003d7a,#005cb8
#bdbcc2,#3e3f43,#587a81,#7b583d
#1a3315,#0b1c48,#c8dae9,#013a20
#53565a,#050606,#634c41,#f7f4ef
#f6bd70,#e15d40,#ebf1f0,#adc8a0
#262731,#b68dca,#5e44d0,#6482fc
#a11b1b,#faf7ed,#cc5216,#483d3c
#265b8b,#ececeb,#84c7f2,#7391c8
#00619c,#76a6b8,#c69a9e,#ffb067
#ecb596,#fdf9f4,#e57283,#32083d
#c68879,#44110e,#fefbc3,#313433
#392b24,#8f5f46,#e3bd9e,#c9ada6
#517e64,#8aa6a0,#3c3d30,#df9916
#7b9a9f,#d4aa80,#0aa7a0,#06d4d0
#c8a050,#202b20,#c6ccd0,#e4e1d0
#bb5760,#3aa290,#aed6d0,#de546c
#514060,#785c60,#e791a8,#1d0e30
#4fa29c,#89a3d5,#b3cee5,#20110f
#c8c11a,#1e1514,#947e6f,#eae8f6
#494450,#b96350,#f89a85,#c1e5e0
#75e6da,#8bbdc2,#306e6f,#764e59
#252126,#f76201,#dfb106,#f2f1e2
#402978,#275316,#602ff7,#9571d5
#fff9f5,#ff6501,#ee4537,#b7ac44
#ede1d0,#e0af60,#ca4900,#5b3330
#000a14,#7697a3,#042627,#04333c
#294652,#37947d,#ff1a4c,#e2dcd6
#eac8c8,#273c3a,#fad02c,#6a5c5b
#a16ae8,#fb64a5,#3a3e5f,#567100
#75e6da,#8bbdc2,#306e6f,#764e59
#252126,#f76201,#dfb106,#f2f1e2
#402978,#275316,#602ff7,#9571d5
#271129,#8be5ad,#dc8391,#e8ebdd
#8b969f,#3f4122,#c2bfb6,#bed3ab
#758350,#d5e6f0,#0b2e40,#7bc2e0
#222e44,#d3d2d4,#76787a,#1b50ba
#325505,#aba70c,#ffcc00,#f0eeda
#b24810,#2e2700,#eb6820,#f7c230
#6f6a70,#538490,#f1d5b0,#243130
#bad4d0,#979b80,#d1ccc0,#fbeef0
#f1df5f,#f1eef4,#c55ffc,#a02f49
#343439,#ff6501,#d2d0c5,#325359
#9b6d45,#dcc397,#d7d9d5,#849376
#8a427a,#9bb4a8,#2b3236,#b1dec1
#433100,#0d4f33,#d4b630,#ac7400
#2f363e,#8c7073,#52b5af,#b5ded9
#262920,#444b50,#b6af90,#5b5f50
#e0e9e0,#7da9c0,#145970,#064ca8
#8088b8,#988686,#6cbac2,#fcda86
#535020,#e8ebd0,#377980,#400068
#4ccbc0,#e0f6e0,#973b10,#edad50
#e13d00,#00827b,#fbfbe3,#7f662a
#ffffff,#4c70c8,#74dcf7,#ecf3fb
#734c8e,#dd6801,#f3161e,#7cb53a
#5e3f3d,#95675b,#f491b7,#f7ccad
#003d7a,#dcd2c5,#6298e9,#95102e
#e3bac8,#6da6f6,#01949a,#ffd571
#8a46b3,#585d26,#b175ff,#cac2b7
#348ac0,#c9c7e3,#897bc1,#242e2d
#7b6867,#fcfef1,#005d9e,#ff6501
#002134,#c8c4c1,#ffb067,#8ba3a8
#232c18,#5c038c,#b6e305,#eeeeee
#6b5852,#f6f0e7,#8cbbbd,#f56c66
#e7e6e1,#feeaaf,#a0bedb,#5f7080
#ff2768,#a67172,#f6f1cd,#eb007f
#4e0407,#bc0a0f,#dfa119,#138178
#ac203d,#01dee6,#1b44b0,#ffffff
#eea361,#868992,#ffa384,#aa3a36
#fefefe,#ab729f,#2d1674,#4871e8
#dc7726,#7e9cad,#837126,#b40025
#ff2768,#a67172,#f6f1cd,#eb007f
#2f362f,#f8faf9,#d9d3c6,#788978
#878180,#eff9f0,#dde1c0,#98b4d0
#e3bac8,#6da6f6,#03ab99,#ffd571
#d59a68,#ebedec,#593f3b,#727577
#595421,#e4a853,#f37824,#933c13
#560116,#f94723,#04d3bc,#e8eef1
#000c2c,#fabf44,#f3161e,#fbd6a8
#c7483a,#fae9e2,#fbb574,#000000
#4e0407,#bc0a0f,#dfa119,#138178
#ac203d,#01dee6,#1b44b0,#ffffff
#88bfcb,#13344c,#151b25,#367a91
#ac4980,#127f9c,#aea095,#b3a742
#ff0080,#964f4c,#b08f70,#efe6d0
#863830,#9a7fa0,#c76c50,#e8b2b2
#72001e,#e8bd30,#e34234,#178bc0
#c9d0ad,#cd9e7d,#fff3d9,#40444f
#2f3030,#f7faf0,#dc9750,#aba6a0
#b1aca9,#499fa4,#ab6962,#a7a08d
#fad02c,#1d1113,#bc8465,#cb274e
#e0eee5,#94cfd6,#9fa975,#ec755d
#c4d8d4,#f1eeeb,#a998ee,#bb3242
#c1715c,#c31146,#708996,#203946
#3282e0,#dfe0e0,#2c4d90,#0c1120
#dddde0,#7ed0f0,#278ff0,#182340
#293938,#657ca0,#6f756f,#fd1c0e
#95a6b0,#d8cf30,#1ca8e0,#3cc4f0
#eec5ac,#db944a,#fdf4e3,#191b18
#059ecb,#c3d7f9,#071330,#2255dc
#b28320,#faeee0,#d01110,#f5d540
#7c8080,#f1d5b0,#fbf5e0,#5089a0
#899db0,#c3cdd6,#15227a,#04061f
#404544,#f6f1ee,#4f1a18,#faebd9
#940000,#4e706a,#1f192b,#eec7bb
#f4970b,#f5e4e1,#331a11,#d52057
#948c80,#632f30,#d01110,#a2d3e9
#939b66,#838bc2,#afc8c4,#b77252
#cdab7a,#402220,#cd924a,#634f40
#e4e69b,#ffcba4,#ff8882,#928d89
#b3a790,#c0c2d1,#6f6d70,#3f3e40
#c1715c,#c31146,#708996,#203946
#4d696f,#ffcbc4,#cf3744,#93b75f
#3282e0,#dfe0e0,#2c4d90,#0c1120
#d4dcd0,#743480,#70cfd0,#56c410
#b28320,#faeee0,#d01110,#f5d540
#96abad,#b2bfbf,#2c3245,#000a14
#dee64c,#e2a00a,#93b8e2,#c35d05
#89a070,#cad7e0,#8692a0,#e3d9e0
#e7e7e0,#ef5473,#500a82,#070100
#06070b,#82a7bf,#d6e1eb,#ebddc7
#4a4e2e,#fec84d,#31cefc,#5a6c37
#546a50,#db5340,#da7b60,#e7d4c0
#23424a,#c1dae1,#57a5b8,#36b4af
#3e3f40,#fde893,#e4e1d0,#d96830
#a11b1b,#faf7ed,#d05301,#483d3c
#efb9b5,#e3d6aa,#ed2461,#dddfde
#44110e,#8f909d,#feeba0,#f53b31
#135c00,#ffd800,#fb64a5,#602ff7
#c5c8d7,#415a2d,#9964a8,#8155ba
#6cc0c0,#345b25,#785a7b,#eca520
#76b947,#8d383e,#fcc121,#7e8478
#148b4b,#b7bda9,#599d9c,#16796f
#323244,#ccdaeb,#0d659d,#91a1ba
#bd6e6d,#ffffff,#001024,#09476f
#e5e7e0,#fda649,#56565b,#c93140
#3a5c70,#d8d8d0,#938370,#7399b0
#d8b0a0,#252f10,#efa710,#f6c970
#b8b440,#fc4a40,#8a9ea1,#fcac40
#434745,#bda672,#f9f6f0,#bdbdb4
#0b1c48,#acc4d6,#016367,#e3edf5
#7d6c81,#ffdb15,#f18108,#c60f0f
#700000,#5f0000,#f78524,#150005
#2878af,#a4cfea,#7a7067,#3b4e68
#916173,#fbf6f9,#26b2c2,#435861
#5f218e,#aa3062,#dbe4f2,#a7a8ca
#555360,#b16b70,#75dee5,#f59260
#000000,#3a4968,#ff3d33,#0087ca
#f82d29,#198150,#c5e168,#6e3562
#0a1640,#e8bc90,#f06ab0,#136bc0
#76b947,#8d383e,#fcc121,#7e8478
#b0c9b8,#2d1674,#afc8c4,#cfd6c2
#102127,#fadcac,#935f4c,#e88866
#55242b,#f9c1a6,#72cfce,#ff8882
#0b1c48,#acc4d6,#016367,#e3edf5
#cbbaa8,#3d4400,#e9e9e9,#bc9d6e
#f82d29,#198150,#c5e168,#6e3562
#0a1640,#e8bc90,#f06ab0,#136bc0
#12151a,#dbe0dc,#d8ab91,#5d1212
#8490a0,#4f476f,#b19ff9,#ead59f
#a08e84,#4a6163,#c3c4be,#d3a487
#9c8172,#ffca72,#ff3d33,#0a0226
#7c756b,#9fa975,#88232b,#eeb5a4
#725446,#e8e8e6,#c6b8b5,#777372
#f1d8bf,#bcf2e0,#e9982d,#b5511f
#1b2432,#464447,#bdbcb2,#f237b0
#c04809,#fbc00e,#30d9c8,#f9f9e9
#909a90,#8a9ea1,#364560,#f0cab0
#fa776a,#f7c9b6,#6ad7d4,#763e3b
#2c2c24,#b5c0c4,#3e442d,#b84901
#d3cdbb,#5de61c,#e3a89c,#b40002
#92cf93,#2e3b51,#e2eddd,#decaba
#281a0d,#fff0df,#52abc3,#c7cb74
#484b36,#cd6431,#dda703,#a9d333
#b34920,#6cd9d0,#f7baa0,#fbdcc0
#d52057,#99bac4,#587b60,#f65b81
#efd5ba,#a17a4f,#aa907b,#323432
#7286b5,#f94a66,#78e3ff,#ffffff
#93876e,#cfa2a0,#b8ddd6,#f0eee2
#5f0708,#c10912,#f00b18,#e2d9ca
#1c2329,#814b95,#817a74,#d6d6d4
#38074f,#edeef0,#e1c2f0,#5d6b40
#8aada0,#F3FDE4,#c22640,#28b4bc
#001324,#ff2768,#f1f2ed,#710019
#fbdec1,#d4bbdd,#125a79,#082d30
#181410,#3b3730,#9d9480,#8c7460
#966aaa,#d592df,#85af4c,#b8d0dd
#645765,#cc5216,#fefdff,#8da1aa
#5f613b,#342829,#deb3ad,#cb857c
#535151,#826c64,#dbc0a4,#81abbc
#d52057,#99bac4,#587b60,#f65b81
#458dc4,#f9bdc2,#638045,#c2275c
#5f0708,#c10912,#f00b18,#e2d9ca
#1c2329,#814b95,#817a74,#d6d6d4
#7c3449,#9fa975,#e36982,#e6cbce
#38074f,#edeef0,#e1c2f0,#5d6b40
#fbdec1,#d4bbdd,#125a79,#082d30
#5b3330,#c05920,#d5c3b0,#6a7e80
#8490a0,#60668e,#b19ff9,#ead59f
#645765,#cc5216,#fefdff,#8da1aa
#a68d86,#f8faf9,#52584d,#b8e8de
#535151,#826c64,#dbc0a4,#81abbc
#5f218e,#f8d5d9,#fffbf4,#d6f2da
#3d4335,#686458,#b8a17a,#9e3c15
#51733f,#ced4d8,#60668e,#b9c7cd
#cb1383,#6e3562,#311e26,#454337
#c9c3b0,#4c4630,#c4c170,#516c90
#f9dac7,#9e7463,#647a87,#17161f
#2255dc,#ffb85d,#ff5412,#030a04
#73bacf,#dedce4,#d2a686,#710019
#4d5339,#b19081,#f5f0d8,#4f7a83
#f0f0ee,#875f59,#2c232e,#d7a991
#00b4d4,#d85e00,#cade59,#b12b24
#97bcc6,#f6c324,#c27837,#2c3d4c
#3f8c26,#cd0231,#4120a9,#f4e070
#040a18,#ecf3fb,#23424a,#43758a
#a04721,#8744e0,#3c109c,#c55ffc
#dcbcd0,#9fa8eb,#1d190a,#b80454
#291d29,#cfc1ce,#e9a33a,#e15b18
#c89a91,#926843,#d8d297,#62766d
#899de8,#00753e,#2d1674,#a998ee
#5b312e,#9c61d5,#ffcd23,#f80000
#513b28,#737435,#e1dad4,#dc7726
#ff8882,#fae9e2,#4b0000,#032522
#f5e1d6,#ffd66b,#be5e41,#4f3a30
#365852,#e7d6c0,#f1bda4,#d9dccd
#232425,#ecf2f7,#8f6956,#d4d9dd
#dabba0,#b4b9bc,#47484a,#232425
#855a30,#4a4d50,#e4b740,#b04410
#acb1ac,#b89a60,#e1daa0,#f3cc3c
#4e6a3d,#ef90df,#905171,#cb38a3
#00b4d4,#d85e00,#cade59,#b12b24
#040a18,#ecf3fb,#23424a,#43758a
#b40028,#d8c5c0,#ac43a4,#007779
#291d29,#cfc1ce,#e9a33a,#e15b18
#e5d2c0,#30cdb1,#f09ca2,#808274
#e9ebe3,#2b323f,#c89477,#c3b090
#f5c88f,#c598af,#f7d2b2,#de7ac9
#282820,#666666,#8493a0,#eae8d0
#c6ad6d,#768374,#92a5b7,#b19da5
#bec6cd,#315047,#653234,#232425
#45b08c,#b7ae9a,#141e47,#14652a
#3d362a,#e0d7c7,#d0643e,#e7a265
#494c30,#4f7f84,#f2cfd0,#dabbd8
#635441,#bc922d,#631d17,#dedbbc
#e08955,#1c0203,#ff4500,#f2c100
#5e7d71,#ccdcdb,#2e765e,#f0f6f7
#425641,#e76d57,#fffae5,#9c897f
#e0ba16,#db9d6e,#5cbdea,#73e5fa
#842e30,#f54d3d,#cc5b30,#e38c60
#eaeee1,#ea85c7,#f2791f,#849b43
#7f5f53,#b2cdd8,#355371,#4c899f
#b2a5a0,#97a090,#8a9ea1,#1a1910
#5f7950,#f8f8f0,#9e3f40,#5b3330
#ddaf92,#f4f2ee,#adb6ff,#d5aa59
#222f38,#9bbbe3,#0070e0,#f9faf7
#003d7a,#255258,#cbea3e,#d97199
#f9f6f0,#010206,#c29e7d,#1f4f3c
#eb007f,#f6f1cd,#a67172,#ff0039
#238ebc,#a3d4e4,#be805c,#0f1c30
#6d452e,#fed7a7,#f06c57,#aecbd8
#f1dcc0,#495424,#de9230,#b7ad10
#597a8c,#bed600,#526842,#969d9c
#854b50,#eedfc0,#fbfff7,#909690
#bb45eb,#2b8554,#e9d8e1,#c197d2
#aeace1,#a8a959,#f3b9df,#518cb6
#3b546e,#f6c324,#c5b85e,#46a6bc
#4f3750,#a0ab50,#ed7a30,#ae3b20
#c68879,#481d01,#fefbc3,#313433
#38667c,#97b1df,#15273a,#82b0bd
#1c4508,#706d35,#ffffff,#4f5e29
#854b50,#eedfc0,#fbfff7,#909690
#13292a,#749387,#499fa4,#e4e8eb
#bb45eb,#2b8554,#e9d8e1,#c197d2
#9c8172,#ede2d7,#c19a8b,#56382D
#aeace1,#a8a959,#f3b9df,#518cb6
#7da1bf,#f6cead,#1f7c5e,#4db7ad
#000a14,#001932,#8491aa,#ccdada
#abb3bf,#de9f59,#84101a,#e9dac4
#4f3750,#a0ab50,#ed7a30,#ae3b20
#c68879,#481d01,#fefbc3,#313433
#402220,#f3f3f3,#964f4c,#ff997c
#cecfd3,#071330,#392c3d,#394b6f
#4f3a30,#807850,#b86330,#d4964b
#3b362c,#518183,#f6f0e7,#fbbd97
#c8c11a,#232425,#4b5142,#eae8f6
#2b4260,#d0dbd0,#648ea0,#4d6170
#4e9151,#fcc931,#f9cae5,#b6e2d3
#4a6844,#90ab91,#a55093,#ea7cb3
#b47147,#ebeae5,#e6b794,#1a1f23
#ee8870,#c9c3b0,#858f90,#6b5550
#317ab0,#97b1df,#1f3036,#daf2fe
#69524b,#aa1945,#dbb396,#111844
#f5d8b4,#a5d5d0,#b9b16b,#0f9f93
#b24d0b,#dcba83,#9e9076,#040000
#0b0909,#bf9a72,#40475d,#524548
#ff4500,#e9a33a,#cfc1ce,#291d29
#f831b0,#fece20,#929650,#ed8660
#3d6687,#5c4e4e,#e158b3,#f8e7e8
#263227,#f6c324,#446576,#c1cfd2
#456177,#2fd9ef,#05b3eb,#eaeae6
#101220,#d12740,#8a9ea0,#f7ec60
#6a6854,#f8f8f5,#ff6501,#001429
#efeee9,#1b44b0,#e8f7ff,#071330
#152730,#17abc0,#c4c6c0,#5fece0
#b57b2f,#ef912e,#e3e72b,#c7fac7
#695e93,#602ff7,#275316,#402978
#c7a46b,#dcdce3,#42655d,#1e2c2d
#d43649,#f5f5f5,#2c7721,#c68b5e
#538196,#867e32,#906c57,#363945
#f5d8b4,#a5d5d0,#b9b16b,#0f9f93
#b24d0b,#dcba83,#9e9076,#040000
#101220,#d12740,#8a9ea0,#f7ec60
#3b495f,#2d73c1,#ae7bdc,#d3b1c2
#000800,#cc088a,#9b00d2,#ac492e
#6b7533,#8f916b,#89b9d7,#e9c3a3
#95a3bc,#7877ba,#59684b,#563553
#dddcdc,#ebaa33,#6e5e5e,#e38495
#1fb071,#7cf47c,#c1d8e1,#214132
#55d142,#e9ddba,#a4dadd,#ff6451
#6ed54e,#e169fb,#8ca078,#576183
#f6c970,#efa710,#252f10,#faf4f0
#feab5e,#777835,#bbb851,#ebe3b4
#3d000f,#663f4d,#69dd62,#97f07d
#a98e60,#c3b090,#553f3f,#1a182d
#766760,#9fa975,#e0dfdb,#6e4a67
#396362,#b57356,#5ebcbd,#f5ddcd
#f5af22,#bbd1fa,#a7b861,#f248b6
#5a5250,#cdd1b8,#9d3a62,#cc9c84
#93876e,#ce5c40,#b8ddd6,#f0eee2
#2b2b10,#738860,#f3d5a0,#f19760
#c3b3c5,#e2935f,#002d40,#29660c
#933810,#fbf6e7,#5b3330,#ed8c40
#b8aba5,#7cf3a0,#ffed83,#d9dcd1
#435861,#c5053d,#d5bcac,#3892b6
#8c9e68,#ff9e64,#ffca3e,#8331b0
#ebdbba,#a9b2b7,#e45a2a,#00c0a1
#e44650,#eb63a0,#fbd160,#f8a8c5
#aa6c70,#f7cac9,#e7625f,#edf1f0
#4e514f,#e9ede9,#19362c,#04c56b
#5d685e,#15a6b7,#9e9ab0,#eee7e5
#5df15d,#115612,#c8335b,#060706
#0b1c48,#dbe9f3,#546866,#4986b2
#302d3e,#a7a397,#f1d7bc,#c09776
#f8f2f5,#342432,#955c7f,#d2b391
#874831,#f9d876,#f49069,#ffd8c5
#2f2720,#e5d370,#d62598,#28accc
#030303,#ac5850,#c8c8c0,#7d6e70
#06acd3,#dc5318,#e1ccb1,#1f2130
#0a48ac,#13172b,#0e7016,#ec2551
#fea303,#0e3506,#b19ff9,#9d33e2
#ff6501,#90cce5,#004d3a,#c8bd00
#302d3e,#a7a397,#f1d7bc,#c09776
#f7d9b3,#d3e0ec,#7eb6db,#5899c7
#ffd700,#d6a41b,#5a5e20,#3f2e10
#f8f2f5,#342432,#955c7f,#d2b391
#c0b921,#535bf6,#ffe15e,#ff00c4
#f7e7e1,#636e00,#fcc0c5,#90010a
#e4d6ce,#f4f3e7,#ecb4b9,#a30303
#102127,#f8c043,#7e667f,#c4392d
#cd8f70,#d99890,#914e40,#e1dfd0
#efeff0,#6e3562,#593c3e,#24181d
#7b1e19,#f2ede9,#da746f,#f1b416
#3b2244,#856c71,#c25270,#cdbbb0
#874831,#f9d876,#f49069,#ffd8c5
#ebdcb0,#79ccb0,#1d1830,#f8fae0
#6b6b6b,#d6d2c0,#020301,#c6c5bf
#c1dbe7,#8f9873,#01413a,#282628
#edd0a9,#00a385,#d6d5d9,#00735c
#030303,#ac5850,#c8c8c0,#7d6e70
#06141b,#e4ae36,#7dbcc7,#e4e2e8
#0a94b0,#aa7e5e,#bc0a0f,#142621
#488077,#f3161e,#93abce,#04384e
#06acd3,#dc5318,#e1ccb1,#1f2130
#e07e60,#cfe3ba,#5e0800,#f8c170
#535e4b,#503440,#ae9864,#31352e
#333a33,#e597e0,#d3b1c2,#f9e085
#839450,#f7ede0,#c15160,#987070
#f1caa9,#fbae03,#df362d,#f0e8d1
#abb9df,#f8cf2c,#070506,#bb907f
#0a48ac,#13172b,#0e7016,#ec2551
#ca9a97,#788878,#3d5622,#666762
#101010,#b5ab99,#6b573d,#956d38
#3a4130,#9168a0,#757c60,#ffde6b
#79171a,#d2342a,#b3a497,#15227a
#a2a3a0,#696b70,#9ab19a,#000000
#8a9b90,#dcdfd0,#98b4d0,#355440
#002221,#b6be52,#5298bc,#05263b
#ae8f80,#dfcfb0,#5f7160,#213120
#9ad0dd,#e8dbcb,#adb6ff,#495a4d
#e9dac4,#eacc88,#cfdde8,#456a85
#79171a,#d2342a,#b3a497,#15227a
#e0e8e2,#ffa384,#f3f3f3,#7a3c3a
#a2a3a0,#696b70,#9ab19a,#000000
#da62b0,#823e50,#b28260,#fadcdc
#1a3315,#093a4d,#c8dae9,#013a20
#36454f,#6c7d72,#bab7b1,#67616e
#8a9b90,#dcdfd0,#98b4d0,#355440
#7d858c,#6e3562,#dfc0ce,#de5167
#dfae23,#ececec,#aa1945,#dbc7a6
#fffef0,#e39d30,#5e0800,#f8e7c0
#aa9c92,#a2a3aa,#fdf4e3,#ffffff
#7fa951,#cda7ba,#c23dad,#c55ffc
#ebd060,#47b4b0,#8a9ea0,#193540
#f6e8be,#a47551,#93d6f1,#c3d9d1
#74665c,#c6cdc1,#ddd5d3,#31352e
#ae8f80,#dfcfb0,#5f7160,#213120
#9ad0dd,#e8dbcb,#adb6ff,#495a4d
#b95c50,#484353,#65b9c8,#dcf8f6
#955d4e,#ff9636,#f9fbfa,#d1947c
#c55ffc,#5c3b32,#8d447f,#f9dedb
#32083d,#ee5155,#a59385,#b8d6b1
#ca784b,#e4ecf3,#dcc397,#1e463f
#f3b13e,#92794f,#c19763,#d4c7af
#b61b40,#f83ba0,#fbd570,#f2d9d0
#2e1410,#bbd7ec,#09476f,#36b4af
#25221d,#fef5d2,#e34234,#b76f4e
#ebecee,#292b36,#fe4a3b,#778349
#5b6d60,#d01110,#dbc6a0,#faeee0
#25221d,#fef5d2,#ff4500,#b76f4e
#cc7956,#e6b794,#99866e,#ffffff
#0b0404,#b50000,#ecedea,#87c2ff
#202e33,#eccaa9,#a93d24,#30d9c8
#a58e80,#f89a85,#756160,#f8e2c0
#b4d4dc,#57a5b8,#23424a,#e1ebec
#3d3c41,#744872,#c55ffc,#f2eddc
#0c0e13,#dde4ea,#eac950,#ff6501
#597525,#ecd393,#eff0ea,#a5331d
#7e5a44,#c3e1d9,#53562d,#000000
#182330,#1f5370,#6aa4d0,#dedfd0
#fdf4e3,#0000a3,#123a76,#192850
#003514,#dc5318,#4b7c34,#dedad5
#c3b3c5,#e2935f,#002d40,#016236
#031812,#08392b,#cad0d8,#f6fcff
#e3bc76,#ffcba4,#ffa384,#555b25
#a58e80,#f89a85,#756160,#f8e2c0
#050200,#e4a527,#988686,#5ca277
#282e56,#001f3d,#ccb880,#9c4104
#efeee9,#52688f,#e8f7ff,#071330
#8c2a10,#f1f0f0,#245a80,#2c3140
#d03952,#f4f3ea,#9c7b70,#2c4270
#e57a2d,#c01421,#9f4369,#15227a
#60668e,#b9a7bb,#323b36,#616c59
#e7d5c2,#2e3b51,#2b7bac,#c0968d
#7a403e,#79210b,#f89700,#d8cd9d
#a27565,#f6f0e7,#fbebe7,#dcd4c0
#c0a06c,#727577,#47484a,#e4e4e6
#432620,#dde5d0,#a1d360,#d04040
#b7ac44,#ee4537,#ff8300,#fff9f5
#efe7db,#aecc98,#b08607,#fc958e
#ef3340,#536560,#d2d6c0,#f8d6d0
#ed2461,#bd7da5,#d3d4d9,#9baca5
#efeee9,#a00005,#968e83,#010109
#e3ece0,#85d2d0,#dcbc50,#bb6320
#491607,#dee64c,#d65b1e,#942106
#c79b94,#bdacba,#402220,#ff4500
#ddaf92,#f4f2ee,#a998ee,#d5aa59
#b5b3ca,#897bc1,#477158,#000800
#dba797,#ffffff,#e1ba18,#16796f
#1a3315,#093a4d,#c8dae9,#08392b
#efd5bb,#d36a7d,#6bcae2,#9c2c37
#231a1a,#00735c,#f7872c,#b5b1ac
#f2d8bf,#a6886d,#847171,#0b0a12
#faebd9,#61666f,#6d695a,#7b553e
#100e15,#aba4ae,#946144,#710803
#e8fbda,#1c242d,#93a300,#ec3031
#596b1d,#ffa849,#b0bfc9,#627e8b
#2a383f,#e5ded8,#928880,#b88470
#eec99c,#91984e,#613d09,#282915
#ba7db0,#cecbb0,#6c3050,#5e6410
#ebe1d8,#e2b6a1,#f3161e,#4b4244
#cec2b5,#c598af,#493a43,#e8f1f6
#12151a,#dbe0dc,#946a44,#5d1212
#ea85c7,#ec4957,#afcabe,#5a7057
#8ac8c7,#028476,#242120,#e2eceb
#6a5a4f,#5d6a4c,#d6cec0,#ab1038
#ebecee,#292b36,#ff4500,#778349
#3d3741,#fafefe,#bad3b6,#d5ba90
#353229,#7f474c,#a4c8d8,#710019
#c68879,#672901,#fefbc3,#a55028
#181e37,#fef4dc,#eead85,#b5eecb
#596b1d,#ffa849,#b0bfc9,#627e8b
#051313,#e5e8ed,#8be5ad,#103548
#9b8e8b,#e6ded3,#33875d,#da6650
#253141,#10403e,#84a6bc,#fef4d7
#c57a70,#e6ac90,#6e4c50,#fbebb0
#534c40,#a98ab0,#f2f1f0,#d9ac50
#bc5c4c,#be783b,#595421,#3c2723
#88c6f8,#c598af,#69a12a,#a3dcfb
#ff8fc8,#e741b0,#fec13f,#3b1500
#2e1410,#bbd7ec,#5dcad1,#2e6467
#973830,#f2dbd0,#f94d90,#fab460
#395f1b,#95bbd3,#d19fc6,#0c60b7
#102127,#f8c043,#7e667f,#b12b24
#93876e,#ff4a3b,#b8ddd6,#f0eee2
#cbbaa8,#0d659d,#e9e9e9,#999bb0
#2c1828,#bc96ca,#bd1c44,#0806e3
#4b394b,#d75e59,#256988,#b19081
#728b7e,#b9183a,#eab6c4,#747574
#015d53,#aba69d,#028476,#cec9c5
#e6dfcf,#c9ada6,#412516,#d5a472
#00ad00,#89b5c0,#2c6150,#c4d3c0
#6ab8ef,#97332e,#95adc9,#f7f5e7
#31352e,#adb7c0,#86957a,#39565e
#4f3750,#bd6140,#f4f6f0,#608560
#cbbaa8,#2e3b51,#e9e9e9,#7b90b5
#93e9be,#d6b9a1,#f8f9f9,#232323
#242424,#ffdda7,#e9cff1,#004961
#71645b,#bca487,#399375,#05627c
#5e4749,#26343d,#daa990,#e2b7c4
#dcd3c0,#fcfff3,#5b3330,#b93a30
#006547,#ee3500,#d19fc6,#7c2bb4
#eda530,#784a20,#d2d1d0,#c89d60
#d3a265,#c1c2ad,#c7ced7,#f2ecbc
#7ba388,#6e5e5e,#c1dbed,#da7da0
#33320f,#ddd5f4,#ff4500,#0e61cb
#00ad00,#89b5c0,#2c6150,#c4d3c0
#3f2910,#f5ecd0,#9ea680,#dc9750
#d2d8e0,#d4b08f,#016367,#947062
#4c474a,#e9dac4,#816b64,#72929f
#f3edc4,#f4cc5f,#b40028,#9b8775
#71bcea,#e0d3cc,#f9f8fd,#afba6a
#f1b092,#4a261a,#f8cf2c,#96af48
#362610,#d38660,#eab9b0,#e68180
#7d7978,#b3e3f9,#bc9476,#d1d2d4
#e7ded9,#071330,#ffffff,#988780
#618990,#dbd8c0,#48bbd0,#8ab0b0
#e24c60,#1f6cb0,#e2b850,#e7625f
#537c07,#e0841e,#a55093,#edd19a
#8c5831,#542401,#e5874a,#bc5023
#c9eff3,#091235,#f6eed9,#524741
#555d70,#bc0a0f,#d9aa53,#a3be76
#050b1f,#5c8aac,#0d659d,#c7d8e7
#b3c4a6,#88a68a,#2e765e,#0a2535
#565f70,#ffb74c,#7cf3a0,#ff5d88
#8a9ea1,#262720,#f1f0e0,#7e4440
#7db54a,#55423a,#9505e3,#e61937
#007600,#00150c,#f76201,#c0e7f6
#cbbaa8,#2e3b51,#e9e9e9,#999bb0
#31352e,#f8faf9,#d9d3c6,#808a78
#dae6e8,#d5dedc,#01dee6,#071330
#b1bc6e,#eceaeb,#feda15,#d886a8
#35291a,#c99c70,#7b90b5,#c4d5e4
#473d38,#d7bea3,#316f78,#a0b7c1
#ac8670,#2b3d40,#7399b0,#ba6560
#eec7b3,#c3c7df,#31221e,#60668e
#735a53,#f8cf2c,#ac5933,#31282c
#554330,#f2ccbd,#c9c3b0,#5f6e3f
#631d17,#8e8f9c,#ffcba4,#f64839
#51733f,#ced4d8,#442c62,#b9c7cd
#f7e0e0,#6aacd0,#8f6030,#c44170
#295b2a,#dee5f4,#243c6c,#36454f
#b5eecb,#db1b59,#a7a88a,#89312f
#b19081,#e1f1ff,#fbf9f5,#514943
#464946,#8d918d,#99af5c,#e9e1d6
#39383b,#daccc3,#a39d92,#205f8c
#000d65,#0000a3,#772b17,#e7a252
#dab2c1,#259ad7,#754a84,#230a0f
#adb6ff,#e9daef,#d49d00,#404e34
#b1bc6e,#eceaeb,#feda15,#d886a8
#c883a4,#e2dbdf,#da997e,#c55ffc
#2c58aa,#a5aef4,#d5a09e,#e7e7e0
#95624b,#ffeef7,#5e4749,#c6c1da
#e5e6e8,#7f9fc4,#6e5e5e,#8d1630
#243624,#c3c2c0,#4a554a,#c3c2c0
#beeff1,#53adb8,#6e5e5e,#e0cbd1
#bb4440,#8a9ea0,#1b1920,#5195a0
#e9f4f0,#ac8570,#44b3b0,#815e50
#2f2408,#5c840b,#bedf1d,#ebf094
#ea7d62,#e6e3e9,#5e7345,#935f4c
#620b71,#8d0005,#5429da,#007c7b
#c4a994,#685956,#4120a9,#fde002
#ebe1b0,#0a0708,#73260a,#c25000
#d3dcdc,#ab9e94,#ae8b70,#234f56
#7f8483,#a57d66,#31302b,#eab896
#e39bdd,#5c0484,#92794f,#f8ddb7
#f4f5e8,#ebdca4,#c5ddcc,#ea31a9
#9bb2c5,#b50000,#a1a540,#d4e3ed
#957e7a,#cccaae,#9fc7aa,#8a427a
#4f3d20,#5cd85a,#4c849c,#92c7f0
#605250,#b09a80,#8a9ea1,#2f4660
#8491aa,#000a14,#713542,#c63d41
#e7b46a,#a3aa5a,#f1a17e,#dfdfe3
#f2eef7,#1b4a56,#a3a3b7,#f80000
#272620,#f5f5f0,#a82050,#7399b0
#f6e0b4,#9cc7ed,#c9e0cd,#c46275
#1d5b5a,#92794f,#17adb4,#f1ece4
#512d10,#0ec1c0,#db7120,#1dd8e0
#2b86c0,#543920,#ffd700,#c14400
#303a22,#706563,#fbc00e,#928e2a
#2c2b27,#cc088a,#2b003a,#e4e2ea
#835e23,#f6b80c,#f1ece4,#fbe007
#605250,#b09a80,#8a9ea1,#2f4660
#a39f80,#6f7740,#cab890,#8a9ea0
#2e3b51,#e66912,#9e3a14,#02894b
#c87260,#f8f7f4,#2d1710,#efbdc0
#8d918d,#d5c6c6,#d42f24,#141514
#b3a742,#b8646b,#eaebee,#667380
#e4e1d0,#7eb7a0,#cb867b,#606540
#f1caa9,#fbae03,#e34234,#f0e8d1
#e2e1da,#8f6f55,#666666,#222716
#1c0d0a,#f2565a,#dbb5a2,#9b5f6a
#291d14,#7b794c,#7b583d,#c2bab7
#58a857,#463b34,#4d0011,#bc858a
#504f80,#e17a70,#2673c0,#e4e3d0
#e10032,#dbe8e1,#377db0,#486c69
#e0b28f,#c1c2ad,#dd8b54,#94d6bb
#939b66,#603f8b,#ace0dd,#b77252
#b44131,#03b6c9,#fcda9a,#d19319
#464800,#ff0039,#ffffff,#cba124
#d2d9ab,#f6f0da,#b19081,#3d3739
#2d2424,#d6cec0,#020301,#c6c5bf
#e9ddd4,#000000,#e9ddd4,#aa1945
#d3dcdc,#a39d92,#935f4c,#234f56
#30302b,#fec84d,#cdc0b3,#efe9e8
#4d7f99,#efc2a5,#dcd5ce,#986961
#4d7f99,#fc4100,#4da95b,#d6bb98
#a78860,#b3b6a0,#f1d5b0,#d95440
#005287,#c3932c,#aebfca,#9fc838
#cbe7e8,#2da4bc,#9a776b,#071330
#623a2e,#e10032,#cbc8c9,#30000b
#5f4640,#ba7220,#854b50,#cab9a0
#7b6867,#fcfef1,#005d9e,#ff671b
#31ed31,#4d3829,#ef3596,#fb70bc
#353229,#7f474c,#a4c8d8,#aa1945
#32083d,#dfbdb1,#d6e4ed,#4a769e
#c8d3da,#3f4122,#0d1c20,#bb7258
#804b28,#e8f0ed,#47484a,#c89f6f
#faf9f4,#fbe6be,#337b9f,#bf78bb
#817670,#afaba5,#7a8590,#ac8460
#1c0d0a,#f2565a,#dbb5a2,#9b5f6a
#f0f0ee,#b59bf3,#6331ff,#004626
#2c233e,#cb9a9f,#572a4d,#d07669
#c3b3c5,#e2935f,#002d40,#0d6049
#ba332b,#5b5520,#7f3f00,#ffae00
#cec8fa,#6331ff,#ffb68a,#000001
#56382d,#f4efdb,#bf2a2e,#a7c2d7
#1a1410,#8e7160,#dab690,#bc4a40
#e8a980,#e4ddd0,#291c10,#de8770
#ffffff,#8a9ea0,#fd3890,#6b9bb0
#31352e,#f8f3db,#d1e2c4,#212e1f
#845549,#efedee,#c7e0e9,#f8c69a
#d3cfc5,#93e9be,#fed678,#65aec5
#ed2461,#ebc588,#ecebe6,#f1f2f7
#00c2b0,#d8b2a3,#f49586,#b15a2d
#933450,#5f2c20,#efae4f,#df4f40
#97b1df,#101319,#1f3445,#a0aab6
#8b5b40,#5b3a2a,#fddbd8,#dee3f0
#cc6caf,#499fa4,#99d276,#df6045
#071330,#d5deed,#0b1c48,#77b8e4
#1bd6b2,#bf3f72,#f6c8cc,#efdbb4
#f3cc3c,#e1daa0,#b89a60,#acb1ac
#baa88b,#edede7,#443d25,#8f916b
#454634,#4d6755,#fac622,#feefd3
#002221,#b6be52,#5298bc,#122e76
#050503,#d3d1cc,#3d9612,#cfe0d6
#60392a,#74d4cf,#ffdb15,#c1a78c
#85826f,#c79989,#282e3a,#d9e4e8
#f9faf7,#5cb7d4,#003d7a,#f1cbb0
#340e64,#edd597,#a998ee,#93a387
#592f2d,#fb8a36,#facfdf,#7a403e
#420264,#753f42,#f1ddcf,#f8e5e0
#4070cc,#030909,#b50000,#f4f6f5
#ccc7b0,#90bee0,#355690,#758350
#ebeced,#4c84b0,#d3a590,#ccced0
#4871e8,#838bc2,#ab729f,#2d1674
#348ac0,#c9c7e3,#1181c8,#242e2d
#a98ab5,#f4efdb,#a1a4b0,#b6323c
#9aa0a0,#389390,#A73520,#45d0d0
#14a6b0,#684640,#99cef0,#dff1f0
